timestamp,ICMP_ping,ICMP_loss,ICMP_response_time,Network_Interfaces_Discovery,EtherLike-MIB_Discovery,Interface_{#IFNAME}({#IFALIAS}):_Duplex_status,Interface_GigabitEthernet0/0:_Inbound_packets_discarded,Interface_GigabitEthernet0/1:_Inbound_packets_discarded,Interface_GigabitEthernet0/2:_Inbound_packets_discarded,Interface_GigabitEthernet0/3:_Inbound_packets_discarded,Interface_GigabitEthernet1/0:_Inbound_packets_discarded,Interface_GigabitEthernet1/1:_Inbound_packets_discarded,Interface_Null0:_Inbound_packets_discarded,Interface_{#IFDESCR}:_Inbound_packets_discarded,Interface_GigabitEthernet0/0:_Inbound_packets_with_errors,Interface_GigabitEthernet0/1:_Inbound_packets_with_errors,Interface_GigabitEthernet0/2:_Inbound_packets_with_errors,Interface_GigabitEthernet0/3:_Inbound_packets_with_errors,Interface_GigabitEthernet1/0:_Inbound_packets_with_errors,Interface_GigabitEthernet1/1:_Inbound_packets_with_errors,Interface_Null0:_Inbound_packets_with_errors,Interface_{#IFDESCR}:_Inbound_packets_with_errors,Interface_GigabitEthernet0/0:_Bits_received,Interface_GigabitEthernet0/1:_Bits_received,Interface_GigabitEthernet0/2:_Bits_received,Interface_GigabitEthernet0/3:_Bits_received,Interface_GigabitEthernet1/0:_Bits_received,Interface_GigabitEthernet1/1:_Bits_received,Interface_Null0:_Bits_received,Interface_{#IFDESCR}:_Bits_received,Interface_GigabitEthernet0/0:_Outbound_packets_discarded,Interface_GigabitEthernet0/1:_Outbound_packets_discarded,Interface_GigabitEthernet0/2:_Outbound_packets_discarded,Interface_GigabitEthernet0/3:_Outbound_packets_discarded,Interface_GigabitEthernet1/0:_Outbound_packets_discarded,Interface_GigabitEthernet1/1:_Outbound_packets_discarded,Interface_Null0:_Outbound_packets_discarded,Interface_{#IFDESCR}:_Outbound_packets_discarded,Interface_GigabitEthernet0/0:_Outbound_packets_with_errors,Interface_GigabitEthernet0/1:_Outbound_packets_with_errors,Interface_GigabitEthernet0/2:_Outbound_packets_with_errors,Interface_GigabitEthernet0/3:_Outbound_packets_with_errors,Interface_GigabitEthernet1/0:_Outbound_packets_with_errors,Interface_GigabitEthernet1/1:_Outbound_packets_with_errors,Interface_Null0:_Outbound_packets_with_errors,Interface_{#IFDESCR}:_Outbound_packets_with_errors,Interface_GigabitEthernet0/0:_Bits_sent,Interface_GigabitEthernet0/1:_Bits_sent,Interface_GigabitEthernet0/2:_Bits_sent,Interface_GigabitEthernet0/3:_Bits_sent,Interface_GigabitEthernet1/0:_Bits_sent,Interface_GigabitEthernet1/1:_Bits_sent,Interface_Null0:_Bits_sent,Interface_{#IFDESCR}:_Bits_sent,Interface_GigabitEthernet0/0:_Speed,Interface_GigabitEthernet0/1:_Speed,Interface_GigabitEthernet0/2:_Speed,Interface_GigabitEthernet0/3:_Speed,Interface_GigabitEthernet1/0:_Speed,Interface_GigabitEthernet1/1:_Speed,Interface_Null0:_Speed,Interface_{#IFDESCR}:_Speed,Interface_GigabitEthernet0/0:_Operational_status,Interface_GigabitEthernet0/1:_Operational_status,Interface_GigabitEthernet0/2:_Operational_status,Interface_GigabitEthernet0/3:_Operational_status,Interface_GigabitEthernet1/0:_Operational_status,Interface_GigabitEthernet1/1:_Operational_status,Interface_Null0:_Operational_status,Interface_{#IFDESCR}:_Operational_status,Interface_GigabitEthernet0/0:_Interface_type,Interface_GigabitEthernet0/1:_Interface_type,Interface_GigabitEthernet0/2:_Interface_type,Interface_GigabitEthernet0/3:_Interface_type,Interface_GigabitEthernet1/0:_Interface_type,Interface_GigabitEthernet1/1:_Interface_type,Interface_Null0:_Interface_type,Interface_{#IFDESCR}:_Interface_type,SNMP_traps_(fallback),Device_contact_details,Device_description,Device_location,Device_name,System_object_ID,Device_uptime,SNMP_availability
1561479307,,-1,-1,-1,-1,-1,-1,-1,-1,-1,-1,-1,-1,-1,-1,-1,-1,-1,-1,-1,-1,-1,-1,176,656,88,360,0,0,-1,-1,-1,-1,-1,-1,-1,-1,-1,-1,-1,-1,-1,-1,-1,-1,-1,-1,224,296,296,1144,328,352,-1,-1,-1,-1,-1,-1,-1,-1,-1,-1,1,1,1,1,1,1,-1,-1,-1,-1,-1,-1,-1,-1,-1,-1,-1,,Cisco IOS Software- vios_l2 Software (vios_l2-ADVENTERPRISEK9-M)- Version 15.2(4.0.55)E- TEST ENGINEERING ESTG_WEEKLY BUILD- synced to  END_OF_FLO_ISP  Technical Support: http://www.cisco.com/techsupport  Copyright (c) 1986-2015 by Cisco Systems- Inc.  Co,,vIOS-Core-II.companyXYZ.sk,iso.3.6.1.4.1.9.1,3994,-1
1561479447,,-1,-1,-1,-1,-1,-1,-1,-1,-1,-1,-1,-1,-1,-1,-1,-1,-1,-1,-1,-1,-1,-1,-1,-1,-1,-1,-1,-1,-1,-1,-1,-1,-1,-1,-1,-1,-1,-1,-1,-1,-1,-1,-1,-1,-1,-1,-1,-1,-1,-1,-1,-1,-1,-1,-1,-1,-1,-1,-1,-1,-1,-1,-1,-1,-1,-1,-1,-1,-1,-1,-1,-1,-1,-1,-1,-1,-1,-1,-1,-1,-1,-1,-1,-1,-1,1
1561479487,,-1,-1,-1,-1,-1,-1,-1,-1,-1,-1,-1,-1,-1,-1,-1,-1,-1,-1,-1,-1,-1,-1,176,17368,72,360,0,0,-1,-1,-1,-1,-1,-1,-1,-1,-1,-1,-1,-1,-1,-1,-1,-1,-1,-1,200,312,296,18832,312,296,-1,-1,-1,-1,-1,-1,-1,-1,-1,-1,1,1,1,1,1,1,-1,-1,-1,-1,-1,-1,-1,-1,-1,-1,-1,,Cisco IOS Software- vios_l2 Software (vios_l2-ADVENTERPRISEK9-M)- Version 15.2(4.0.55)E- TEST ENGINEERING ESTG_WEEKLY BUILD- synced to  END_OF_FLO_ISP  Technical Support: http://www.cisco.com/techsupport  Copyright (c) 1986-2015 by Cisco Systems- Inc.  Co,,vIOS-Core-II.companyXYZ.sk,iso.3.6.1.4.1.9.1,4163,-1
1561479627,,-1,-1,-1,-1,-1,-1,-1,-1,-1,-1,-1,-1,-1,-1,-1,-1,-1,-1,-1,-1,-1,-1,-1,-1,-1,-1,-1,-1,-1,-1,-1,-1,-1,-1,-1,-1,-1,-1,-1,-1,-1,-1,-1,-1,-1,-1,-1,-1,-1,-1,-1,-1,-1,-1,-1,-1,-1,-1,-1,-1,-1,-1,-1,-1,-1,-1,-1,-1,-1,-1,-1,-1,-1,-1,-1,-1,-1,-1,-1,-1,-1,-1,-1,-1,-1,1
1561479667,,-1,-1,-1,-1,-1,-1,-1,-1,-1,-1,-1,-1,-1,-1,-1,-1,-1,-1,-1,-1,-1,-1,160,4472,80,5200,0,0,-1,-1,-1,-1,-1,-1,-1,-1,-1,-1,-1,-1,-1,-1,-1,-1,-1,-1,208,1792,3656,5552,328,352,-1,-1,-1,-1,-1,-1,-1,-1,-1,-1,1,1,1,1,1,1,-1,-1,-1,-1,-1,-1,-1,-1,-1,-1,-1,,Cisco IOS Software- vios_l2 Software (vios_l2-ADVENTERPRISEK9-M)- Version 15.2(4.0.55)E- TEST ENGINEERING ESTG_WEEKLY BUILD- synced to  END_OF_FLO_ISP  Technical Support: http://www.cisco.com/techsupport  Copyright (c) 1986-2015 by Cisco Systems- Inc.  Co,,vIOS-Core-II.companyXYZ.sk,iso.3.6.1.4.1.9.1,4334,-1
1561479807,,-1,-1,-1,-1,-1,-1,-1,-1,-1,-1,-1,-1,-1,-1,-1,-1,-1,-1,-1,-1,-1,-1,-1,-1,-1,-1,-1,-1,-1,-1,-1,-1,-1,-1,-1,-1,-1,-1,-1,-1,-1,-1,-1,-1,-1,-1,-1,-1,-1,-1,-1,-1,-1,-1,-1,-1,-1,-1,-1,-1,-1,-1,-1,-1,-1,-1,-1,-1,-1,-1,-1,-1,-1,-1,-1,-1,-1,-1,-1,-1,-1,-1,-1,-1,-1,1
1561479847,,-1,-1,-1,-1,-1,-1,-1,-1,-1,-1,-1,-1,-1,-1,-1,-1,-1,-1,-1,-1,-1,-1,152,16168,72,167080,0,0,-1,-1,-1,-1,-1,-1,-1,-1,-1,-1,-1,-1,-1,-1,-1,-1,-1,-1,216,28520,138720,19552,304,304,-1,-1,-1,-1,-1,-1,-1,-1,-1,-1,1,1,1,1,1,1,-1,-1,-1,-1,-1,-1,-1,-1,-1,-1,-1,,Cisco IOS Software- vios_l2 Software (vios_l2-ADVENTERPRISEK9-M)- Version 15.2(4.0.55)E- TEST ENGINEERING ESTG_WEEKLY BUILD- synced to  END_OF_FLO_ISP  Technical Support: http://www.cisco.com/techsupport  Copyright (c) 1986-2015 by Cisco Systems- Inc.  Co,,vIOS-Core-II.companyXYZ.sk,iso.3.6.1.4.1.9.1,4494,-1
1561479987,,-1,-1,-1,-1,-1,-1,-1,-1,-1,-1,-1,-1,-1,-1,-1,-1,-1,-1,-1,-1,-1,-1,-1,-1,-1,-1,-1,-1,-1,-1,-1,-1,-1,-1,-1,-1,-1,-1,-1,-1,-1,-1,-1,-1,-1,-1,-1,-1,-1,-1,-1,-1,-1,-1,-1,-1,-1,-1,-1,-1,-1,-1,-1,-1,-1,-1,-1,-1,-1,-1,-1,-1,-1,-1,-1,-1,-1,-1,-1,-1,-1,-1,-1,-1,-1,1
1561480027,,-1,-1,-1,-1,-1,-1,-1,-1,-1,-1,-1,-1,-1,-1,-1,-1,-1,-1,-1,-1,-1,-1,152,25608,80,110176,0,0,-1,-1,-1,-1,-1,-1,-1,-1,-1,-1,-1,-1,-1,-1,-1,-1,-1,-1,192,21000,89320,29976,296,296,-1,-1,-1,-1,-1,-1,-1,-1,-1,-1,1,1,1,1,1,1,-1,-1,-1,-1,-1,-1,-1,-1,-1,-1,-1,,Cisco IOS Software- vios_l2 Software (vios_l2-ADVENTERPRISEK9-M)- Version 15.2(4.0.55)E- TEST ENGINEERING ESTG_WEEKLY BUILD- synced to  END_OF_FLO_ISP  Technical Support: http://www.cisco.com/techsupport  Copyright (c) 1986-2015 by Cisco Systems- Inc.  Co,,vIOS-Core-II.companyXYZ.sk,iso.3.6.1.4.1.9.1,4650,-1
1561480167,,-1,-1,-1,-1,-1,-1,-1,-1,-1,-1,-1,-1,-1,-1,-1,-1,-1,-1,-1,-1,-1,-1,-1,-1,-1,-1,-1,-1,-1,-1,-1,-1,-1,-1,-1,-1,-1,-1,-1,-1,-1,-1,-1,-1,-1,-1,-1,-1,-1,-1,-1,-1,-1,-1,-1,-1,-1,-1,-1,-1,-1,-1,-1,-1,-1,-1,-1,-1,-1,-1,-1,-1,-1,-1,-1,-1,-1,-1,-1,-1,-1,-1,-1,-1,-1,1
1561480207,,-1,-1,-1,-1,-1,-1,-1,-1,-1,-1,-1,-1,-1,-1,-1,-1,-1,-1,-1,-1,-1,-1,128,21856,72,91696,0,0,-1,-1,-1,-1,-1,-1,-1,-1,-1,-1,-1,-1,-1,-1,-1,-1,-1,-1,176,16744,75160,25424,272,296,-1,-1,-1,-1,-1,-1,-1,-1,-1,-1,1,1,1,1,1,1,-1,-1,-1,-1,-1,-1,-1,-1,-1,-1,-1,,Cisco IOS Software- vios_l2 Software (vios_l2-ADVENTERPRISEK9-M)- Version 15.2(4.0.55)E- TEST ENGINEERING ESTG_WEEKLY BUILD- synced to  END_OF_FLO_ISP  Technical Support: http://www.cisco.com/techsupport  Copyright (c) 1986-2015 by Cisco Systems- Inc.  Co,,vIOS-Core-II.companyXYZ.sk,iso.3.6.1.4.1.9.1,4808,-1
1561480347,,-1,-1,-1,-1,-1,-1,-1,-1,-1,-1,-1,-1,-1,-1,-1,-1,-1,-1,-1,-1,-1,-1,-1,-1,-1,-1,-1,-1,-1,-1,-1,-1,-1,-1,-1,-1,-1,-1,-1,-1,-1,-1,-1,-1,-1,-1,-1,-1,-1,-1,-1,-1,-1,-1,-1,-1,-1,-1,-1,-1,-1,-1,-1,-1,-1,-1,-1,-1,-1,-1,-1,-1,-1,-1,-1,-1,-1,-1,-1,-1,-1,-1,-1,-1,-1,1
1561480387,,-1,-1,-1,-1,-1,-1,-1,-1,-1,-1,-1,-1,-1,-1,-1,-1,-1,-1,-1,-1,-1,-1,152,4856,72,3960,0,0,-1,-1,-1,-1,-1,-1,-1,-1,-1,-1,-1,-1,-1,-1,-1,-1,-1,-1,216,912,3248,7872,336,312,-1,-1,-1,-1,-1,-1,-1,-1,-1,-1,1,1,1,1,1,1,-1,-1,-1,-1,-1,-1,-1,-1,-1,-1,-1,,Cisco IOS Software- vios_l2 Software (vios_l2-ADVENTERPRISEK9-M)- Version 15.2(4.0.55)E- TEST ENGINEERING ESTG_WEEKLY BUILD- synced to  END_OF_FLO_ISP  Technical Support: http://www.cisco.com/techsupport  Copyright (c) 1986-2015 by Cisco Systems- Inc.  Co,,vIOS-Core-II.companyXYZ.sk,iso.3.6.1.4.1.9.1,4973,-1
1561480527,,-1,-1,-1,-1,-1,-1,-1,-1,-1,-1,-1,-1,-1,-1,-1,-1,-1,-1,-1,-1,-1,-1,-1,-1,-1,-1,-1,-1,-1,-1,-1,-1,-1,-1,-1,-1,-1,-1,-1,-1,-1,-1,-1,-1,-1,-1,-1,-1,-1,-1,-1,-1,-1,-1,-1,-1,-1,-1,-1,-1,-1,-1,-1,-1,-1,-1,-1,-1,-1,-1,-1,-1,-1,-1,-1,-1,-1,-1,-1,-1,-1,-1,-1,-1,-1,1
1561480567,,-1,-1,-1,-1,-1,-1,-1,-1,-1,-1,-1,-1,-1,-1,-1,-1,-1,-1,-1,-1,-1,-1,208,1584,112,568,0,0,-1,-1,-1,-1,-1,-1,-1,-1,-1,-1,-1,-1,-1,-1,-1,-1,-1,-1,240,416,408,2640,320,320,-1,-1,-1,-1,-1,-1,-1,-1,-1,-1,1,1,1,1,1,1,-1,-1,-1,-1,-1,-1,-1,-1,-1,-1,-1,,Cisco IOS Software- vios_l2 Software (vios_l2-ADVENTERPRISEK9-M)- Version 15.2(4.0.55)E- TEST ENGINEERING ESTG_WEEKLY BUILD- synced to  END_OF_FLO_ISP  Technical Support: http://www.cisco.com/techsupport  Copyright (c) 1986-2015 by Cisco Systems- Inc.  Co,,vIOS-Core-II.companyXYZ.sk,iso.3.6.1.4.1.9.1,5139,-1
1561480707,,-1,-1,-1,-1,-1,-1,-1,-1,-1,-1,-1,-1,-1,-1,-1,-1,-1,-1,-1,-1,-1,-1,-1,-1,-1,-1,-1,-1,-1,-1,-1,-1,-1,-1,-1,-1,-1,-1,-1,-1,-1,-1,-1,-1,-1,-1,-1,-1,-1,-1,-1,-1,-1,-1,-1,-1,-1,-1,-1,-1,-1,-1,-1,-1,-1,-1,-1,-1,-1,-1,-1,-1,-1,-1,-1,-1,-1,-1,-1,-1,-1,-1,-1,-1,-1,1
1561480747,,-1,-1,-1,-1,-1,-1,-1,-1,-1,-1,-1,-1,-1,-1,-1,-1,-1,-1,-1,-1,-1,-1,176,1312,88,1488,0,0,-1,-1,-1,-1,-1,-1,-1,-1,-1,-1,-1,-1,-1,-1,-1,-1,-1,-1,208,776,368,2800,312,312,-1,-1,-1,-1,-1,-1,-1,-1,-1,-1,1,1,1,1,1,1,-1,-1,-1,-1,-1,-1,-1,-1,-1,-1,-1,,Cisco IOS Software- vios_l2 Software (vios_l2-ADVENTERPRISEK9-M)- Version 15.2(4.0.55)E- TEST ENGINEERING ESTG_WEEKLY BUILD- synced to  END_OF_FLO_ISP  Technical Support: http://www.cisco.com/techsupport  Copyright (c) 1986-2015 by Cisco Systems- Inc.  Co,,vIOS-Core-II.companyXYZ.sk,iso.3.6.1.4.1.9.1,5306,-1
1561480887,,-1,-1,-1,-1,-1,-1,-1,-1,-1,-1,-1,-1,-1,-1,-1,-1,-1,-1,-1,-1,-1,-1,-1,-1,-1,-1,-1,-1,-1,-1,-1,-1,-1,-1,-1,-1,-1,-1,-1,-1,-1,-1,-1,-1,-1,-1,-1,-1,-1,-1,-1,-1,-1,-1,-1,-1,-1,-1,-1,-1,-1,-1,-1,-1,-1,-1,-1,-1,-1,-1,-1,-1,-1,-1,-1,-1,-1,-1,-1,-1,-1,-1,-1,-1,-1,1
1561480927,,-1,-1,-1,-1,-1,-1,-1,-1,-1,-1,-1,-1,-1,-1,-1,-1,-1,-1,-1,-1,-1,-1,160,10752,80,46168,0,0,-1,-1,-1,-1,-1,-1,-1,-1,-1,-1,-1,-1,-1,-1,-1,-1,-1,-1,208,27576,19352,10968,304,304,-1,-1,-1,-1,-1,-1,-1,-1,-1,-1,1,1,1,1,1,1,-1,-1,-1,-1,-1,-1,-1,-1,-1,-1,-1,,Cisco IOS Software- vios_l2 Software (vios_l2-ADVENTERPRISEK9-M)- Version 15.2(4.0.55)E- TEST ENGINEERING ESTG_WEEKLY BUILD- synced to  END_OF_FLO_ISP  Technical Support: http://www.cisco.com/techsupport  Copyright (c) 1986-2015 by Cisco Systems- Inc.  Co,,vIOS-Core-II.companyXYZ.sk,iso.3.6.1.4.1.9.1,5465,-1
1561481067,,-1,-1,-1,-1,-1,-1,-1,-1,-1,-1,-1,-1,-1,-1,-1,-1,-1,-1,-1,-1,-1,-1,-1,-1,-1,-1,-1,-1,-1,-1,-1,-1,-1,-1,-1,-1,-1,-1,-1,-1,-1,-1,-1,-1,-1,-1,-1,-1,-1,-1,-1,-1,-1,-1,-1,-1,-1,-1,-1,-1,-1,-1,-1,-1,-1,-1,-1,-1,-1,-1,-1,-1,-1,-1,-1,-1,-1,-1,-1,-1,-1,-1,-1,-1,-1,1
1561481107,,-1,-1,-1,-1,-1,-1,-1,-1,-1,-1,-1,-1,-1,-1,-1,-1,-1,-1,-1,-1,-1,-1,152,22688,72,112064,0,0,-1,-1,-1,-1,-1,-1,-1,-1,-1,-1,-1,-1,-1,-1,-1,-1,-1,-1,200,55784,53344,26920,296,296,-1,-1,-1,-1,-1,-1,-1,-1,-1,-1,1,1,1,1,1,1,-1,-1,-1,-1,-1,-1,-1,-1,-1,-1,-1,,Cisco IOS Software- vios_l2 Software (vios_l2-ADVENTERPRISEK9-M)- Version 15.2(4.0.55)E- TEST ENGINEERING ESTG_WEEKLY BUILD- synced to  END_OF_FLO_ISP  Technical Support: http://www.cisco.com/techsupport  Copyright (c) 1986-2015 by Cisco Systems- Inc.  Co,,vIOS-Core-II.companyXYZ.sk,iso.3.6.1.4.1.9.1,5620,-1
1561481247,,-1,-1,-1,-1,-1,-1,-1,-1,-1,-1,-1,-1,-1,-1,-1,-1,-1,-1,-1,-1,-1,-1,-1,-1,-1,-1,-1,-1,-1,-1,-1,-1,-1,-1,-1,-1,-1,-1,-1,-1,-1,-1,-1,-1,-1,-1,-1,-1,-1,-1,-1,-1,-1,-1,-1,-1,-1,-1,-1,-1,-1,-1,-1,-1,-1,-1,-1,-1,-1,-1,-1,-1,-1,-1,-1,-1,-1,-1,-1,-1,-1,-1,-1,-1,-1,1
1561481287,,-1,-1,-1,-1,-1,-1,-1,-1,-1,-1,-1,-1,-1,-1,-1,-1,-1,-1,-1,-1,-1,-1,152,16024,72,98624,0,0,-1,-1,-1,-1,-1,-1,-1,-1,-1,-1,-1,-1,-1,-1,-1,-1,-1,-1,176,100408,1432,17904,288,304,-1,-1,-1,-1,-1,-1,-1,-1,-1,-1,1,1,1,1,1,1,-1,-1,-1,-1,-1,-1,-1,-1,-1,-1,-1,,Cisco IOS Software- vios_l2 Software (vios_l2-ADVENTERPRISEK9-M)- Version 15.2(4.0.55)E- TEST ENGINEERING ESTG_WEEKLY BUILD- synced to  END_OF_FLO_ISP  Technical Support: http://www.cisco.com/techsupport  Copyright (c) 1986-2015 by Cisco Systems- Inc.  Co,,vIOS-Core-II.companyXYZ.sk,iso.3.6.1.4.1.9.1,5778,-1
1561481427,,-1,-1,-1,-1,-1,-1,-1,-1,-1,-1,-1,-1,-1,-1,-1,-1,-1,-1,-1,-1,-1,-1,-1,-1,-1,-1,-1,-1,-1,-1,-1,-1,-1,-1,-1,-1,-1,-1,-1,-1,-1,-1,-1,-1,-1,-1,-1,-1,-1,-1,-1,-1,-1,-1,-1,-1,-1,-1,-1,-1,-1,-1,-1,-1,-1,-1,-1,-1,-1,-1,-1,-1,-1,-1,-1,-1,-1,-1,-1,-1,-1,-1,-1,-1,-1,1
1561481467,,-1,-1,-1,-1,-1,-1,-1,-1,-1,-1,-1,-1,-1,-1,-1,-1,-1,-1,-1,-1,-1,-1,152,10880,80,155664,0,0,-1,-1,-1,-1,-1,-1,-1,-1,-1,-1,-1,-1,-1,-1,-1,-1,-1,-1,200,137600,18224,12840,296,304,-1,-1,-1,-1,-1,-1,-1,-1,-1,-1,1,1,1,1,1,1,-1,-1,-1,-1,-1,-1,-1,-1,-1,-1,-1,,Cisco IOS Software- vios_l2 Software (vios_l2-ADVENTERPRISEK9-M)- Version 15.2(4.0.55)E- TEST ENGINEERING ESTG_WEEKLY BUILD- synced to  END_OF_FLO_ISP  Technical Support: http://www.cisco.com/techsupport  Copyright (c) 1986-2015 by Cisco Systems- Inc.  Co,,vIOS-Core-II.companyXYZ.sk,iso.3.6.1.4.1.9.1,5935,-1
1561481607,,-1,-1,-1,-1,-1,-1,-1,-1,-1,-1,-1,-1,-1,-1,-1,-1,-1,-1,-1,-1,-1,-1,-1,-1,-1,-1,-1,-1,-1,-1,-1,-1,-1,-1,-1,-1,-1,-1,-1,-1,-1,-1,-1,-1,-1,-1,-1,-1,-1,-1,-1,-1,-1,-1,-1,-1,-1,-1,-1,-1,-1,-1,-1,-1,-1,-1,-1,-1,-1,-1,-1,-1,-1,-1,-1,-1,-1,-1,-1,-1,-1,-1,-1,-1,-1,1
1561481647,,-1,-1,-1,-1,-1,-1,-1,-1,-1,-1,-1,-1,-1,-1,-1,-1,-1,-1,-1,-1,-1,-1,152,17448,72,118728,0,0,-1,-1,-1,-1,-1,-1,-1,-1,-1,-1,-1,-1,-1,-1,-1,-1,-1,-1,192,77264,43048,18968,296,296,-1,-1,-1,-1,-1,-1,-1,-1,-1,-1,1,1,1,1,1,1,-1,-1,-1,-1,-1,-1,-1,-1,-1,-1,-1,,Cisco IOS Software- vios_l2 Software (vios_l2-ADVENTERPRISEK9-M)- Version 15.2(4.0.55)E- TEST ENGINEERING ESTG_WEEKLY BUILD- synced to  END_OF_FLO_ISP  Technical Support: http://www.cisco.com/techsupport  Copyright (c) 1986-2015 by Cisco Systems- Inc.  Co,,vIOS-Core-II.companyXYZ.sk,iso.3.6.1.4.1.9.1,6094,-1
1561481787,,-1,-1,-1,-1,-1,-1,-1,-1,-1,-1,-1,-1,-1,-1,-1,-1,-1,-1,-1,-1,-1,-1,-1,-1,-1,-1,-1,-1,-1,-1,-1,-1,-1,-1,-1,-1,-1,-1,-1,-1,-1,-1,-1,-1,-1,-1,-1,-1,-1,-1,-1,-1,-1,-1,-1,-1,-1,-1,-1,-1,-1,-1,-1,-1,-1,-1,-1,-1,-1,-1,-1,-1,-1,-1,-1,-1,-1,-1,-1,-1,-1,-1,-1,-1,-1,1
1561481827,,-1,-1,-1,-1,-1,-1,-1,-1,-1,-1,-1,-1,-1,-1,-1,-1,-1,-1,-1,-1,-1,-1,152,14936,80,207912,0,0,-1,-1,-1,-1,-1,-1,-1,-1,-1,-1,-1,-1,-1,-1,-1,-1,-1,-1,200,104160,102448,17416,304,296,-1,-1,-1,-1,-1,-1,-1,-1,-1,-1,1,1,1,1,1,1,-1,-1,-1,-1,-1,-1,-1,-1,-1,-1,-1,,Cisco IOS Software- vios_l2 Software (vios_l2-ADVENTERPRISEK9-M)- Version 15.2(4.0.55)E- TEST ENGINEERING ESTG_WEEKLY BUILD- synced to  END_OF_FLO_ISP  Technical Support: http://www.cisco.com/techsupport  Copyright (c) 1986-2015 by Cisco Systems- Inc.  Co,,vIOS-Core-II.companyXYZ.sk,iso.3.6.1.4.1.9.1,6253,-1
1561481967,,-1,-1,-1,-1,-1,-1,-1,-1,-1,-1,-1,-1,-1,-1,-1,-1,-1,-1,-1,-1,-1,-1,-1,-1,-1,-1,-1,-1,-1,-1,-1,-1,-1,-1,-1,-1,-1,-1,-1,-1,-1,-1,-1,-1,-1,-1,-1,-1,-1,-1,-1,-1,-1,-1,-1,-1,-1,-1,-1,-1,-1,-1,-1,-1,-1,-1,-1,-1,-1,-1,-1,-1,-1,-1,-1,-1,-1,-1,-1,-1,-1,-1,-1,-1,-1,1
1561482007,,-1,-1,-1,-1,-1,-1,-1,-1,-1,-1,-1,-1,-1,-1,-1,-1,-1,-1,-1,-1,-1,-1,152,14040,72,142744,0,0,-1,-1,-1,-1,-1,-1,-1,-1,-1,-1,-1,-1,-1,-1,-1,-1,-1,-1,200,52328,90592,15160,312,296,-1,-1,-1,-1,-1,-1,-1,-1,-1,-1,1,1,1,1,1,1,-1,-1,-1,-1,-1,-1,-1,-1,-1,-1,-1,,Cisco IOS Software- vios_l2 Software (vios_l2-ADVENTERPRISEK9-M)- Version 15.2(4.0.55)E- TEST ENGINEERING ESTG_WEEKLY BUILD- synced to  END_OF_FLO_ISP  Technical Support: http://www.cisco.com/techsupport  Copyright (c) 1986-2015 by Cisco Systems- Inc.  Co,,vIOS-Core-II.companyXYZ.sk,iso.3.6.1.4.1.9.1,6411,-1
1561482147,,-1,-1,-1,-1,-1,-1,-1,-1,-1,-1,-1,-1,-1,-1,-1,-1,-1,-1,-1,-1,-1,-1,-1,-1,-1,-1,-1,-1,-1,-1,-1,-1,-1,-1,-1,-1,-1,-1,-1,-1,-1,-1,-1,-1,-1,-1,-1,-1,-1,-1,-1,-1,-1,-1,-1,-1,-1,-1,-1,-1,-1,-1,-1,-1,-1,-1,-1,-1,-1,-1,-1,-1,-1,-1,-1,-1,-1,-1,-1,-1,-1,-1,-1,-1,-1,1
1561482187,,-1,-1,-1,-1,-1,-1,-1,-1,-1,-1,-1,-1,-1,-1,-1,-1,-1,-1,-1,-1,-1,-1,152,20336,80,187992,0,0,-1,-1,-1,-1,-1,-1,-1,-1,-1,-1,-1,-1,-1,-1,-1,-1,-1,-1,200,116200,71904,23136,304,304,-1,-1,-1,-1,-1,-1,-1,-1,-1,-1,1,1,1,1,1,1,-1,-1,-1,-1,-1,-1,-1,-1,-1,-1,-1,,Cisco IOS Software- vios_l2 Software (vios_l2-ADVENTERPRISEK9-M)- Version 15.2(4.0.55)E- TEST ENGINEERING ESTG_WEEKLY BUILD- synced to  END_OF_FLO_ISP  Technical Support: http://www.cisco.com/techsupport  Copyright (c) 1986-2015 by Cisco Systems- Inc.  Co,,vIOS-Core-II.companyXYZ.sk,iso.3.6.1.4.1.9.1,6571,-1
1561482327,,-1,-1,-1,-1,-1,-1,-1,-1,-1,-1,-1,-1,-1,-1,-1,-1,-1,-1,-1,-1,-1,-1,-1,-1,-1,-1,-1,-1,-1,-1,-1,-1,-1,-1,-1,-1,-1,-1,-1,-1,-1,-1,-1,-1,-1,-1,-1,-1,-1,-1,-1,-1,-1,-1,-1,-1,-1,-1,-1,-1,-1,-1,-1,-1,-1,-1,-1,-1,-1,-1,-1,-1,-1,-1,-1,-1,-1,-1,-1,-1,-1,-1,-1,-1,-1,1
1561482367,,-1,-1,-1,-1,-1,-1,-1,-1,-1,-1,-1,-1,-1,-1,-1,-1,-1,-1,-1,-1,-1,-1,176,18272,88,184200,0,0,-1,-1,-1,-1,-1,-1,-1,-1,-1,-1,-1,-1,-1,-1,-1,-1,-1,-1,208,153008,29136,20360,304,304,-1,-1,-1,-1,-1,-1,-1,-1,-1,-1,1,1,1,1,1,1,-1,-1,-1,-1,-1,-1,-1,-1,-1,-1,-1,,Cisco IOS Software- vios_l2 Software (vios_l2-ADVENTERPRISEK9-M)- Version 15.2(4.0.55)E- TEST ENGINEERING ESTG_WEEKLY BUILD- synced to  END_OF_FLO_ISP  Technical Support: http://www.cisco.com/techsupport  Copyright (c) 1986-2015 by Cisco Systems- Inc.  Co,,vIOS-Core-II.companyXYZ.sk,iso.3.6.1.4.1.9.1,6730,-1
1561482507,,-1,-1,-1,-1,-1,-1,-1,-1,-1,-1,-1,-1,-1,-1,-1,-1,-1,-1,-1,-1,-1,-1,-1,-1,-1,-1,-1,-1,-1,-1,-1,-1,-1,-1,-1,-1,-1,-1,-1,-1,-1,-1,-1,-1,-1,-1,-1,-1,-1,-1,-1,-1,-1,-1,-1,-1,-1,-1,-1,-1,-1,-1,-1,-1,-1,-1,-1,-1,-1,-1,-1,-1,-1,-1,-1,-1,-1,-1,-1,-1,-1,-1,-1,-1,-1,1
1561482547,,-1,-1,-1,-1,-1,-1,-1,-1,-1,-1,-1,-1,-1,-1,-1,-1,-1,-1,-1,-1,-1,-1,168,14528,88,189272,0,0,-1,-1,-1,-1,-1,-1,-1,-1,-1,-1,-1,-1,-1,-1,-1,-1,-1,-1,200,69536,122184,15536,304,304,-1,-1,-1,-1,-1,-1,-1,-1,-1,-1,1,1,1,1,1,1,-1,-1,-1,-1,-1,-1,-1,-1,-1,-1,-1,,Cisco IOS Software- vios_l2 Software (vios_l2-ADVENTERPRISEK9-M)- Version 15.2(4.0.55)E- TEST ENGINEERING ESTG_WEEKLY BUILD- synced to  END_OF_FLO_ISP  Technical Support: http://www.cisco.com/techsupport  Copyright (c) 1986-2015 by Cisco Systems- Inc.  Co,,vIOS-Core-II.companyXYZ.sk,iso.3.6.1.4.1.9.1,6890,-1
1561482687,,-1,-1,-1,-1,-1,-1,-1,-1,-1,-1,-1,-1,-1,-1,-1,-1,-1,-1,-1,-1,-1,-1,-1,-1,-1,-1,-1,-1,-1,-1,-1,-1,-1,-1,-1,-1,-1,-1,-1,-1,-1,-1,-1,-1,-1,-1,-1,-1,-1,-1,-1,-1,-1,-1,-1,-1,-1,-1,-1,-1,-1,-1,-1,-1,-1,-1,-1,-1,-1,-1,-1,-1,-1,-1,-1,-1,-1,-1,-1,-1,-1,-1,-1,-1,-1,1
1561482727,,-1,-1,-1,-1,-1,-1,-1,-1,-1,-1,-1,-1,-1,-1,-1,-1,-1,-1,-1,-1,-1,-1,168,18912,104,133952,0,0,-1,-1,-1,-1,-1,-1,-1,-1,-1,-1,-1,-1,-1,-1,-1,-1,-1,-1,224,87488,46704,20376,296,304,-1,-1,-1,-1,-1,-1,-1,-1,-1,-1,1,1,1,1,1,1,-1,-1,-1,-1,-1,-1,-1,-1,-1,-1,-1,,Cisco IOS Software- vios_l2 Software (vios_l2-ADVENTERPRISEK9-M)- Version 15.2(4.0.55)E- TEST ENGINEERING ESTG_WEEKLY BUILD- synced to  END_OF_FLO_ISP  Technical Support: http://www.cisco.com/techsupport  Copyright (c) 1986-2015 by Cisco Systems- Inc.  Co,,vIOS-Core-II.companyXYZ.sk,iso.3.6.1.4.1.9.1,7049,-1
1561482867,,-1,-1,-1,-1,-1,-1,-1,-1,-1,-1,-1,-1,-1,-1,-1,-1,-1,-1,-1,-1,-1,-1,-1,-1,-1,-1,-1,-1,-1,-1,-1,-1,-1,-1,-1,-1,-1,-1,-1,-1,-1,-1,-1,-1,-1,-1,-1,-1,-1,-1,-1,-1,-1,-1,-1,-1,-1,-1,-1,-1,-1,-1,-1,-1,-1,-1,-1,-1,-1,-1,-1,-1,-1,-1,-1,-1,-1,-1,-1,-1,-1,-1,-1,-1,-1,1
1561482907,,-1,-1,-1,-1,-1,-1,-1,-1,-1,-1,-1,-1,-1,-1,-1,-1,-1,-1,-1,-1,-1,-1,160,9912,88,103528,0,0,-1,-1,-1,-1,-1,-1,-1,-1,-1,-1,-1,-1,-1,-1,-1,-1,-1,-1,208,67568,36184,11360,312,304,-1,-1,-1,-1,-1,-1,-1,-1,-1,-1,1,1,1,1,1,1,-1,-1,-1,-1,-1,-1,-1,-1,-1,-1,-1,,Cisco IOS Software- vios_l2 Software (vios_l2-ADVENTERPRISEK9-M)- Version 15.2(4.0.55)E- TEST ENGINEERING ESTG_WEEKLY BUILD- synced to  END_OF_FLO_ISP  Technical Support: http://www.cisco.com/techsupport  Copyright (c) 1986-2015 by Cisco Systems- Inc.  Co,,vIOS-Core-II.companyXYZ.sk,iso.3.6.1.4.1.9.1,7211,-1
1561483047,,-1,-1,-1,-1,-1,-1,-1,-1,-1,-1,-1,-1,-1,-1,-1,-1,-1,-1,-1,-1,-1,-1,-1,-1,-1,-1,-1,-1,-1,-1,-1,-1,-1,-1,-1,-1,-1,-1,-1,-1,-1,-1,-1,-1,-1,-1,-1,-1,-1,-1,-1,-1,-1,-1,-1,-1,-1,-1,-1,-1,-1,-1,-1,-1,-1,-1,-1,-1,-1,-1,-1,-1,-1,-1,-1,-1,-1,-1,-1,-1,-1,-1,-1,-1,-1,1
1561483087,,-1,-1,-1,-1,-1,-1,-1,-1,-1,-1,-1,-1,-1,-1,-1,-1,-1,-1,-1,-1,-1,-1,160,2616,72,816,0,0,-1,-1,-1,-1,-1,-1,-1,-1,-1,-1,-1,-1,-1,-1,-1,-1,-1,-1,224,688,352,4288,320,320,-1,-1,-1,-1,-1,-1,-1,-1,-1,-1,1,1,1,1,1,1,-1,-1,-1,-1,-1,-1,-1,-1,-1,-1,-1,,Cisco IOS Software- vios_l2 Software (vios_l2-ADVENTERPRISEK9-M)- Version 15.2(4.0.55)E- TEST ENGINEERING ESTG_WEEKLY BUILD- synced to  END_OF_FLO_ISP  Technical Support: http://www.cisco.com/techsupport  Copyright (c) 1986-2015 by Cisco Systems- Inc.  Co,,vIOS-Core-II.companyXYZ.sk,iso.3.6.1.4.1.9.1,7380,-1
1561483227,,-1,-1,-1,-1,-1,-1,-1,-1,-1,-1,-1,-1,-1,-1,-1,-1,-1,-1,-1,-1,-1,-1,-1,-1,-1,-1,-1,-1,-1,-1,-1,-1,-1,-1,-1,-1,-1,-1,-1,-1,-1,-1,-1,-1,-1,-1,-1,-1,-1,-1,-1,-1,-1,-1,-1,-1,-1,-1,-1,-1,-1,-1,-1,-1,-1,-1,-1,-1,-1,-1,-1,-1,-1,-1,-1,-1,-1,-1,-1,-1,-1,-1,-1,-1,-1,1
1561483267,,-1,-1,-1,-1,-1,-1,-1,-1,-1,-1,-1,-1,-1,-1,-1,-1,-1,-1,-1,-1,-1,-1,160,1368,72,480,0,0,-1,-1,-1,-1,-1,-1,-1,-1,-1,-1,-1,-1,-1,-1,-1,-1,-1,-1,208,352,344,2152,320,312,-1,-1,-1,-1,-1,-1,-1,-1,-1,-1,1,1,1,1,1,1,-1,-1,-1,-1,-1,-1,-1,-1,-1,-1,-1,,Cisco IOS Software- vios_l2 Software (vios_l2-ADVENTERPRISEK9-M)- Version 15.2(4.0.55)E- TEST ENGINEERING ESTG_WEEKLY BUILD- synced to  END_OF_FLO_ISP  Technical Support: http://www.cisco.com/techsupport  Copyright (c) 1986-2015 by Cisco Systems- Inc.  Co,,vIOS-Core-II.companyXYZ.sk,iso.3.6.1.4.1.9.1,7548,-1
1561483407,,-1,-1,-1,-1,-1,-1,-1,-1,-1,-1,-1,-1,-1,-1,-1,-1,-1,-1,-1,-1,-1,-1,-1,-1,-1,-1,-1,-1,-1,-1,-1,-1,-1,-1,-1,-1,-1,-1,-1,-1,-1,-1,-1,-1,-1,-1,-1,-1,-1,-1,-1,-1,-1,-1,-1,-1,-1,-1,-1,-1,-1,-1,-1,-1,-1,-1,-1,-1,-1,-1,-1,-1,-1,-1,-1,-1,-1,-1,-1,-1,-1,-1,-1,-1,-1,1
1561483447,,-1,-1,-1,-1,-1,-1,-1,-1,-1,-1,-1,-1,-1,-1,-1,-1,-1,-1,-1,-1,-1,-1,184,1896,80,496,0,0,-1,-1,-1,-1,-1,-1,-1,-1,-1,-1,-1,-1,-1,-1,-1,-1,-1,-1,208,376,336,2704,312,336,-1,-1,-1,-1,-1,-1,-1,-1,-1,-1,1,1,1,1,1,1,-1,-1,-1,-1,-1,-1,-1,-1,-1,-1,-1,,Cisco IOS Software- vios_l2 Software (vios_l2-ADVENTERPRISEK9-M)- Version 15.2(4.0.55)E- TEST ENGINEERING ESTG_WEEKLY BUILD- synced to  END_OF_FLO_ISP  Technical Support: http://www.cisco.com/techsupport  Copyright (c) 1986-2015 by Cisco Systems- Inc.  Co,,vIOS-Core-II.companyXYZ.sk,iso.3.6.1.4.1.9.1,7717,-1
1561483587,,-1,-1,-1,-1,-1,-1,-1,-1,-1,-1,-1,-1,-1,-1,-1,-1,-1,-1,-1,-1,-1,-1,-1,-1,-1,-1,-1,-1,-1,-1,-1,-1,-1,-1,-1,-1,-1,-1,-1,-1,-1,-1,-1,-1,-1,-1,-1,-1,-1,-1,-1,-1,-1,-1,-1,-1,-1,-1,-1,-1,-1,-1,-1,-1,-1,-1,-1,-1,-1,-1,-1,-1,-1,-1,-1,-1,-1,-1,-1,-1,-1,-1,-1,-1,-1,1
1561483627,,-1,-1,-1,-1,-1,-1,-1,-1,-1,-1,-1,-1,-1,-1,-1,-1,-1,-1,-1,-1,-1,-1,160,1496,72,600,0,0,-1,-1,-1,-1,-1,-1,-1,-1,-1,-1,-1,-1,-1,-1,-1,-1,-1,-1,200,488,352,2224,320,320,-1,-1,-1,-1,-1,-1,-1,-1,-1,-1,1,1,1,1,1,1,-1,-1,-1,-1,-1,-1,-1,-1,-1,-1,-1,,Cisco IOS Software- vios_l2 Software (vios_l2-ADVENTERPRISEK9-M)- Version 15.2(4.0.55)E- TEST ENGINEERING ESTG_WEEKLY BUILD- synced to  END_OF_FLO_ISP  Technical Support: http://www.cisco.com/techsupport  Copyright (c) 1986-2015 by Cisco Systems- Inc.  Co,,vIOS-Core-II.companyXYZ.sk,iso.3.6.1.4.1.9.1,7886,-1
1561483767,,-1,-1,-1,-1,-1,-1,-1,-1,-1,-1,-1,-1,-1,-1,-1,-1,-1,-1,-1,-1,-1,-1,-1,-1,-1,-1,-1,-1,-1,-1,-1,-1,-1,-1,-1,-1,-1,-1,-1,-1,-1,-1,-1,-1,-1,-1,-1,-1,-1,-1,-1,-1,-1,-1,-1,-1,-1,-1,-1,-1,-1,-1,-1,-1,-1,-1,-1,-1,-1,-1,-1,-1,-1,-1,-1,-1,-1,-1,-1,-1,-1,-1,-1,-1,-1,1
1561483807,,-1,-1,-1,-1,-1,-1,-1,-1,-1,-1,-1,-1,-1,-1,-1,-1,-1,-1,-1,-1,-1,-1,152,5128,80,1000,0,0,-1,-1,-1,-1,-1,-1,-1,-1,-1,-1,-1,-1,-1,-1,-1,-1,-1,-1,200,632,568,5704,312,312,-1,-1,-1,-1,-1,-1,-1,-1,-1,-1,1,1,1,1,1,1,-1,-1,-1,-1,-1,-1,-1,-1,-1,-1,-1,,Cisco IOS Software- vios_l2 Software (vios_l2-ADVENTERPRISEK9-M)- Version 15.2(4.0.55)E- TEST ENGINEERING ESTG_WEEKLY BUILD- synced to  END_OF_FLO_ISP  Technical Support: http://www.cisco.com/techsupport  Copyright (c) 1986-2015 by Cisco Systems- Inc.  Co,,vIOS-Core-II.companyXYZ.sk,iso.3.6.1.4.1.9.1,8052,-1
1561483947,,-1,-1,-1,-1,-1,-1,-1,-1,-1,-1,-1,-1,-1,-1,-1,-1,-1,-1,-1,-1,-1,-1,-1,-1,-1,-1,-1,-1,-1,-1,-1,-1,-1,-1,-1,-1,-1,-1,-1,-1,-1,-1,-1,-1,-1,-1,-1,-1,-1,-1,-1,-1,-1,-1,-1,-1,-1,-1,-1,-1,-1,-1,-1,-1,-1,-1,-1,-1,-1,-1,-1,-1,-1,-1,-1,-1,-1,-1,-1,-1,-1,-1,-1,-1,-1,1
1561483987,,-1,-1,-1,-1,-1,-1,-1,-1,-1,-1,-1,-1,-1,-1,-1,-1,-1,-1,-1,-1,-1,-1,160,1528,72,696,0,0,-1,-1,-1,-1,-1,-1,-1,-1,-1,-1,-1,-1,-1,-1,-1,-1,-1,-1,208,448,432,2328,320,320,-1,-1,-1,-1,-1,-1,-1,-1,-1,-1,1,1,1,1,1,1,-1,-1,-1,-1,-1,-1,-1,-1,-1,-1,-1,,Cisco IOS Software- vios_l2 Software (vios_l2-ADVENTERPRISEK9-M)- Version 15.2(4.0.55)E- TEST ENGINEERING ESTG_WEEKLY BUILD- synced to  END_OF_FLO_ISP  Technical Support: http://www.cisco.com/techsupport  Copyright (c) 1986-2015 by Cisco Systems- Inc.  Co,,vIOS-Core-II.companyXYZ.sk,iso.3.6.1.4.1.9.1,8221,-1
1561484127,,-1,-1,-1,-1,-1,-1,-1,-1,-1,-1,-1,-1,-1,-1,-1,-1,-1,-1,-1,-1,-1,-1,-1,-1,-1,-1,-1,-1,-1,-1,-1,-1,-1,-1,-1,-1,-1,-1,-1,-1,-1,-1,-1,-1,-1,-1,-1,-1,-1,-1,-1,-1,-1,-1,-1,-1,-1,-1,-1,-1,-1,-1,-1,-1,-1,-1,-1,-1,-1,-1,-1,-1,-1,-1,-1,-1,-1,-1,-1,-1,-1,-1,-1,-1,-1,1
1561484167,,-1,-1,-1,-1,-1,-1,-1,-1,-1,-1,-1,-1,-1,-1,-1,-1,-1,-1,-1,-1,-1,-1,152,7208,72,155184,0,0,-1,-1,-1,-1,-1,-1,-1,-1,-1,-1,-1,-1,-1,-1,-1,-1,-1,-1,200,152560,872,8000,304,304,-1,-1,-1,-1,-1,-1,-1,-1,-1,-1,1,1,1,1,1,1,-1,-1,-1,-1,-1,-1,-1,-1,-1,-1,-1,,Cisco IOS Software- vios_l2 Software (vios_l2-ADVENTERPRISEK9-M)- Version 15.2(4.0.55)E- TEST ENGINEERING ESTG_WEEKLY BUILD- synced to  END_OF_FLO_ISP  Technical Support: http://www.cisco.com/techsupport  Copyright (c) 1986-2015 by Cisco Systems- Inc.  Co,,vIOS-Core-II.companyXYZ.sk,iso.3.6.1.4.1.9.1,8384,-1
1561484307,,-1,-1,-1,-1,-1,-1,-1,-1,-1,-1,-1,-1,-1,-1,-1,-1,-1,-1,-1,-1,-1,-1,-1,-1,-1,-1,-1,-1,-1,-1,-1,-1,-1,-1,-1,-1,-1,-1,-1,-1,-1,-1,-1,-1,-1,-1,-1,-1,-1,-1,-1,-1,-1,-1,-1,-1,-1,-1,-1,-1,-1,-1,-1,-1,-1,-1,-1,-1,-1,-1,-1,-1,-1,-1,-1,-1,-1,-1,-1,-1,-1,-1,-1,-1,-1,1
1561484347,,-1,-1,-1,-1,-1,-1,-1,-1,-1,-1,-1,-1,-1,-1,-1,-1,-1,-1,-1,-1,-1,-1,160,15280,72,130408,0,0,-1,-1,-1,-1,-1,-1,-1,-1,-1,-1,-1,-1,-1,-1,-1,-1,-1,-1,200,85344,47248,16944,312,312,-1,-1,-1,-1,-1,-1,-1,-1,-1,-1,1,1,1,1,1,1,-1,-1,-1,-1,-1,-1,-1,-1,-1,-1,-1,,Cisco IOS Software- vios_l2 Software (vios_l2-ADVENTERPRISEK9-M)- Version 15.2(4.0.55)E- TEST ENGINEERING ESTG_WEEKLY BUILD- synced to  END_OF_FLO_ISP  Technical Support: http://www.cisco.com/techsupport  Copyright (c) 1986-2015 by Cisco Systems- Inc.  Co,,vIOS-Core-II.companyXYZ.sk,iso.3.6.1.4.1.9.1,8546,-1
1561484487,,-1,-1,-1,-1,-1,-1,-1,-1,-1,-1,-1,-1,-1,-1,-1,-1,-1,-1,-1,-1,-1,-1,-1,-1,-1,-1,-1,-1,-1,-1,-1,-1,-1,-1,-1,-1,-1,-1,-1,-1,-1,-1,-1,-1,-1,-1,-1,-1,-1,-1,-1,-1,-1,-1,-1,-1,-1,-1,-1,-1,-1,-1,-1,-1,-1,-1,-1,-1,-1,-1,-1,-1,-1,-1,-1,-1,-1,-1,-1,-1,-1,-1,-1,-1,-1,1
1561484527,,-1,-1,-1,-1,-1,-1,-1,-1,-1,-1,-1,-1,-1,-1,-1,-1,-1,-1,-1,-1,-1,-1,168,11640,88,190992,0,0,-1,-1,-1,-1,-1,-1,-1,-1,-1,-1,-1,-1,-1,-1,-1,-1,-1,-1,200,680,190440,12328,296,296,-1,-1,-1,-1,-1,-1,-1,-1,-1,-1,1,1,1,1,1,1,-1,-1,-1,-1,-1,-1,-1,-1,-1,-1,-1,,Cisco IOS Software- vios_l2 Software (vios_l2-ADVENTERPRISEK9-M)- Version 15.2(4.0.55)E- TEST ENGINEERING ESTG_WEEKLY BUILD- synced to  END_OF_FLO_ISP  Technical Support: http://www.cisco.com/techsupport  Copyright (c) 1986-2015 by Cisco Systems- Inc.  Co,,vIOS-Core-II.companyXYZ.sk,iso.3.6.1.4.1.9.1,8704,-1
1561484667,,-1,-1,-1,-1,-1,-1,-1,-1,-1,-1,-1,-1,-1,-1,-1,-1,-1,-1,-1,-1,-1,-1,-1,-1,-1,-1,-1,-1,-1,-1,-1,-1,-1,-1,-1,-1,-1,-1,-1,-1,-1,-1,-1,-1,-1,-1,-1,-1,-1,-1,-1,-1,-1,-1,-1,-1,-1,-1,-1,-1,-1,-1,-1,-1,-1,-1,-1,-1,-1,-1,-1,-1,-1,-1,-1,-1,-1,-1,-1,-1,-1,-1,-1,-1,-1,1
1561484707,,-1,-1,-1,-1,-1,-1,-1,-1,-1,-1,-1,-1,-1,-1,-1,-1,-1,-1,-1,-1,-1,-1,168,14104,88,120600,0,0,-1,-1,-1,-1,-1,-1,-1,-1,-1,-1,-1,-1,-1,-1,-1,-1,-1,-1,200,8448,112352,15736,304,312,-1,-1,-1,-1,-1,-1,-1,-1,-1,-1,1,1,1,1,1,1,-1,-1,-1,-1,-1,-1,-1,-1,-1,-1,-1,,Cisco IOS Software- vios_l2 Software (vios_l2-ADVENTERPRISEK9-M)- Version 15.2(4.0.55)E- TEST ENGINEERING ESTG_WEEKLY BUILD- synced to  END_OF_FLO_ISP  Technical Support: http://www.cisco.com/techsupport  Copyright (c) 1986-2015 by Cisco Systems- Inc.  Co,,vIOS-Core-II.companyXYZ.sk,iso.3.6.1.4.1.9.1,8864,-1
1561484847,,-1,-1,-1,-1,-1,-1,-1,-1,-1,-1,-1,-1,-1,-1,-1,-1,-1,-1,-1,-1,-1,-1,-1,-1,-1,-1,-1,-1,-1,-1,-1,-1,-1,-1,-1,-1,-1,-1,-1,-1,-1,-1,-1,-1,-1,-1,-1,-1,-1,-1,-1,-1,-1,-1,-1,-1,-1,-1,-1,-1,-1,-1,-1,-1,-1,-1,-1,-1,-1,-1,-1,-1,-1,-1,-1,-1,-1,-1,-1,-1,-1,-1,-1,-1,-1,1
1561484887,,-1,-1,-1,-1,-1,-1,-1,-1,-1,-1,-1,-1,-1,-1,-1,-1,-1,-1,-1,-1,-1,-1,216,10592,136,207904,0,0,-1,-1,-1,-1,-1,-1,-1,-1,-1,-1,-1,-1,-1,-1,-1,-1,-1,-1,256,14408,193752,11840,312,296,-1,-1,-1,-1,-1,-1,-1,-1,-1,-1,1,1,1,1,1,1,-1,-1,-1,-1,-1,-1,-1,-1,-1,-1,-1,,Cisco IOS Software- vios_l2 Software (vios_l2-ADVENTERPRISEK9-M)- Version 15.2(4.0.55)E- TEST ENGINEERING ESTG_WEEKLY BUILD- synced to  END_OF_FLO_ISP  Technical Support: http://www.cisco.com/techsupport  Copyright (c) 1986-2015 by Cisco Systems- Inc.  Co,,vIOS-Core-II.companyXYZ.sk,iso.3.6.1.4.1.9.1,9024,-1
1561485027,,-1,-1,-1,-1,-1,-1,-1,-1,-1,-1,-1,-1,-1,-1,-1,-1,-1,-1,-1,-1,-1,-1,-1,-1,-1,-1,-1,-1,-1,-1,-1,-1,-1,-1,-1,-1,-1,-1,-1,-1,-1,-1,-1,-1,-1,-1,-1,-1,-1,-1,-1,-1,-1,-1,-1,-1,-1,-1,-1,-1,-1,-1,-1,-1,-1,-1,-1,-1,-1,-1,-1,-1,-1,-1,-1,-1,-1,-1,-1,-1,-1,-1,-1,-1,-1,1
1561485067,,-1,-1,-1,-1,-1,-1,-1,-1,-1,-1,-1,-1,-1,-1,-1,-1,-1,-1,-1,-1,-1,-1,184,8376,96,155512,0,0,-1,-1,-1,-1,-1,-1,-1,-1,-1,-1,-1,-1,-1,-1,-1,-1,-1,-1,224,8032,145560,9616,312,312,-1,-1,-1,-1,-1,-1,-1,-1,-1,-1,1,1,1,1,1,1,-1,-1,-1,-1,-1,-1,-1,-1,-1,-1,-1,,Cisco IOS Software- vios_l2 Software (vios_l2-ADVENTERPRISEK9-M)- Version 15.2(4.0.55)E- TEST ENGINEERING ESTG_WEEKLY BUILD- synced to  END_OF_FLO_ISP  Technical Support: http://www.cisco.com/techsupport  Copyright (c) 1986-2015 by Cisco Systems- Inc.  Co,,vIOS-Core-II.companyXYZ.sk,iso.3.6.1.4.1.9.1,9187,-1
1561485207,,-1,-1,-1,-1,-1,-1,-1,-1,-1,-1,-1,-1,-1,-1,-1,-1,-1,-1,-1,-1,-1,-1,-1,-1,-1,-1,-1,-1,-1,-1,-1,-1,-1,-1,-1,-1,-1,-1,-1,-1,-1,-1,-1,-1,-1,-1,-1,-1,-1,-1,-1,-1,-1,-1,-1,-1,-1,-1,-1,-1,-1,-1,-1,-1,-1,-1,-1,-1,-1,-1,-1,-1,-1,-1,-1,-1,-1,-1,-1,-1,-1,-1,-1,-1,-1,1
1561485247,,-1,-1,-1,-1,-1,-1,-1,-1,-1,-1,-1,-1,-1,-1,-1,-1,-1,-1,-1,-1,-1,-1,168,1408,88,94664,0,0,-1,-1,-1,-1,-1,-1,-1,-1,-1,-1,-1,-1,-1,-1,-1,-1,-1,-1,208,544,96464,1904,312,320,-1,-1,-1,-1,-1,-1,-1,-1,-1,-1,1,1,1,1,1,1,-1,-1,-1,-1,-1,-1,-1,-1,-1,-1,-1,,Cisco IOS Software- vios_l2 Software (vios_l2-ADVENTERPRISEK9-M)- Version 15.2(4.0.55)E- TEST ENGINEERING ESTG_WEEKLY BUILD- synced to  END_OF_FLO_ISP  Technical Support: http://www.cisco.com/techsupport  Copyright (c) 1986-2015 by Cisco Systems- Inc.  Co,,vIOS-Core-II.companyXYZ.sk,iso.3.6.1.4.1.9.1,9352,-1
1561485387,,-1,-1,-1,-1,-1,-1,-1,-1,-1,-1,-1,-1,-1,-1,-1,-1,-1,-1,-1,-1,-1,-1,-1,-1,-1,-1,-1,-1,-1,-1,-1,-1,-1,-1,-1,-1,-1,-1,-1,-1,-1,-1,-1,-1,-1,-1,-1,-1,-1,-1,-1,-1,-1,-1,-1,-1,-1,-1,-1,-1,-1,-1,-1,-1,-1,-1,-1,-1,-1,-1,-1,-1,-1,-1,-1,-1,-1,-1,-1,-1,-1,-1,-1,-1,-1,1
1561485427,,-1,-1,-1,-1,-1,-1,-1,-1,-1,-1,-1,-1,-1,-1,-1,-1,-1,-1,-1,-1,-1,-1,160,1528,80,7552,0,0,-1,-1,-1,-1,-1,-1,-1,-1,-1,-1,-1,-1,-1,-1,-1,-1,-1,-1,208,424,7344,2144,320,312,-1,-1,-1,-1,-1,-1,-1,-1,-1,-1,1,1,1,1,1,1,-1,-1,-1,-1,-1,-1,-1,-1,-1,-1,-1,,Cisco IOS Software- vios_l2 Software (vios_l2-ADVENTERPRISEK9-M)- Version 15.2(4.0.55)E- TEST ENGINEERING ESTG_WEEKLY BUILD- synced to  END_OF_FLO_ISP  Technical Support: http://www.cisco.com/techsupport  Copyright (c) 1986-2015 by Cisco Systems- Inc.  Co,,vIOS-Core-II.companyXYZ.sk,iso.3.6.1.4.1.9.1,9521,-1
1561485567,,-1,-1,-1,-1,-1,-1,-1,-1,-1,-1,-1,-1,-1,-1,-1,-1,-1,-1,-1,-1,-1,-1,-1,-1,-1,-1,-1,-1,-1,-1,-1,-1,-1,-1,-1,-1,-1,-1,-1,-1,-1,-1,-1,-1,-1,-1,-1,-1,-1,-1,-1,-1,-1,-1,-1,-1,-1,-1,-1,-1,-1,-1,-1,-1,-1,-1,-1,-1,-1,-1,-1,-1,-1,-1,-1,-1,-1,-1,-1,-1,-1,-1,-1,-1,-1,1
1561485607,,-1,-1,-1,-1,-1,-1,-1,-1,-1,-1,-1,-1,-1,-1,-1,-1,-1,-1,-1,-1,-1,-1,160,1416,72,488,0,0,-1,-1,-1,-1,-1,-1,-1,-1,-1,-1,-1,-1,-1,-1,-1,-1,-1,-1,208,312,360,3128,320,320,-1,-1,-1,-1,-1,-1,-1,-1,-1,-1,1,1,1,1,1,1,-1,-1,-1,-1,-1,-1,-1,-1,-1,-1,-1,,Cisco IOS Software- vios_l2 Software (vios_l2-ADVENTERPRISEK9-M)- Version 15.2(4.0.55)E- TEST ENGINEERING ESTG_WEEKLY BUILD- synced to  END_OF_FLO_ISP  Technical Support: http://www.cisco.com/techsupport  Copyright (c) 1986-2015 by Cisco Systems- Inc.  Co,,vIOS-Core-II.companyXYZ.sk,iso.3.6.1.4.1.9.1,9692,-1
1561485747,,-1,-1,-1,-1,-1,-1,-1,-1,-1,-1,-1,-1,-1,-1,-1,-1,-1,-1,-1,-1,-1,-1,-1,-1,-1,-1,-1,-1,-1,-1,-1,-1,-1,-1,-1,-1,-1,-1,-1,-1,-1,-1,-1,-1,-1,-1,-1,-1,-1,-1,-1,-1,-1,-1,-1,-1,-1,-1,-1,-1,-1,-1,-1,-1,-1,-1,-1,-1,-1,-1,-1,-1,-1,-1,-1,-1,-1,-1,-1,-1,-1,-1,-1,-1,-1,1
1561485787,,-1,-1,-1,-1,-1,-1,-1,-1,-1,-1,-1,-1,-1,-1,-1,-1,-1,-1,-1,-1,-1,-1,160,2560,72,504,0,0,-1,-1,-1,-1,-1,-1,-1,-1,-1,-1,-1,-1,-1,-1,-1,-1,-1,-1,224,384,344,2648,344,320,-1,-1,-1,-1,-1,-1,-1,-1,-1,-1,1,1,1,1,1,1,-1,-1,-1,-1,-1,-1,-1,-1,-1,-1,-1,,Cisco IOS Software- vios_l2 Software (vios_l2-ADVENTERPRISEK9-M)- Version 15.2(4.0.55)E- TEST ENGINEERING ESTG_WEEKLY BUILD- synced to  END_OF_FLO_ISP  Technical Support: http://www.cisco.com/techsupport  Copyright (c) 1986-2015 by Cisco Systems- Inc.  Co,,vIOS-Core-II.companyXYZ.sk,iso.3.6.1.4.1.9.1,9863,-1
1561485927,,-1,-1,-1,-1,-1,-1,-1,-1,-1,-1,-1,-1,-1,-1,-1,-1,-1,-1,-1,-1,-1,-1,-1,-1,-1,-1,-1,-1,-1,-1,-1,-1,-1,-1,-1,-1,-1,-1,-1,-1,-1,-1,-1,-1,-1,-1,-1,-1,-1,-1,-1,-1,-1,-1,-1,-1,-1,-1,-1,-1,-1,-1,-1,-1,-1,-1,-1,-1,-1,-1,-1,-1,-1,-1,-1,-1,-1,-1,-1,-1,-1,-1,-1,-1,-1,1
1561485967,,-1,-1,-1,-1,-1,-1,-1,-1,-1,-1,-1,-1,-1,-1,-1,-1,-1,-1,-1,-1,-1,-1,176,792,80,68576,0,0,-1,-1,-1,-1,-1,-1,-1,-1,-1,-1,-1,-1,-1,-1,-1,-1,-1,-1,208,608,68120,1504,312,312,-1,-1,-1,-1,-1,-1,-1,-1,-1,-1,1,1,1,1,1,1,-1,-1,-1,-1,-1,-1,-1,-1,-1,-1,-1,,Cisco IOS Software- vios_l2 Software (vios_l2-ADVENTERPRISEK9-M)- Version 15.2(4.0.55)E- TEST ENGINEERING ESTG_WEEKLY BUILD- synced to  END_OF_FLO_ISP  Technical Support: http://www.cisco.com/techsupport  Copyright (c) 1986-2015 by Cisco Systems- Inc.  Co,,vIOS-Core-II.companyXYZ.sk,iso.3.6.1.4.1.9.1,10033,-1
1561486107,,-1,-1,-1,-1,-1,-1,-1,-1,-1,-1,-1,-1,-1,-1,-1,-1,-1,-1,-1,-1,-1,-1,-1,-1,-1,-1,-1,-1,-1,-1,-1,-1,-1,-1,-1,-1,-1,-1,-1,-1,-1,-1,-1,-1,-1,-1,-1,-1,-1,-1,-1,-1,-1,-1,-1,-1,-1,-1,-1,-1,-1,-1,-1,-1,-1,-1,-1,-1,-1,-1,-1,-1,-1,-1,-1,-1,-1,-1,-1,-1,-1,-1,-1,-1,-1,1
1561486148,,-1,-1,-1,-1,-1,-1,-1,-1,-1,-1,-1,-1,-1,-1,-1,-1,-1,-1,-1,-1,-1,-1,160,720,72,21328,0,0,-1,-1,-1,-1,-1,-1,-1,-1,-1,-1,-1,-1,-1,-1,-1,-1,-1,-1,208,288,21304,1088,320,320,-1,-1,-1,-1,-1,-1,-1,-1,-1,-1,1,1,1,1,1,1,-1,-1,-1,-1,-1,-1,-1,-1,-1,-1,-1,,Cisco IOS Software- vios_l2 Software (vios_l2-ADVENTERPRISEK9-M)- Version 15.2(4.0.55)E- TEST ENGINEERING ESTG_WEEKLY BUILD- synced to  END_OF_FLO_ISP  Technical Support: http://www.cisco.com/techsupport  Copyright (c) 1986-2015 by Cisco Systems- Inc.  Co,,vIOS-Core-II.companyXYZ.sk,iso.3.6.1.4.1.9.1,10205,-1
1561486287,,-1,-1,-1,-1,-1,-1,-1,-1,-1,-1,-1,-1,-1,-1,-1,-1,-1,-1,-1,-1,-1,-1,-1,-1,-1,-1,-1,-1,-1,-1,-1,-1,-1,-1,-1,-1,-1,-1,-1,-1,-1,-1,-1,-1,-1,-1,-1,-1,-1,-1,-1,-1,-1,-1,-1,-1,-1,-1,-1,-1,-1,-1,-1,-1,-1,-1,-1,-1,-1,-1,-1,-1,-1,-1,-1,-1,-1,-1,-1,-1,-1,-1,-1,-1,-1,1
1561486327,,-1,-1,-1,-1,-1,-1,-1,-1,-1,-1,-1,-1,-1,-1,-1,-1,-1,-1,-1,-1,-1,-1,160,976,80,560,0,0,-1,-1,-1,-1,-1,-1,-1,-1,-1,-1,-1,-1,-1,-1,-1,-1,-1,-1,208,320,504,1408,328,344,-1,-1,-1,-1,-1,-1,-1,-1,-1,-1,1,1,1,1,1,1,-1,-1,-1,-1,-1,-1,-1,-1,-1,-1,-1,,Cisco IOS Software- vios_l2 Software (vios_l2-ADVENTERPRISEK9-M)- Version 15.2(4.0.55)E- TEST ENGINEERING ESTG_WEEKLY BUILD- synced to  END_OF_FLO_ISP  Technical Support: http://www.cisco.com/techsupport  Copyright (c) 1986-2015 by Cisco Systems- Inc.  Co,,vIOS-Core-II.companyXYZ.sk,iso.3.6.1.4.1.9.1,10377,-1
1561486467,,-1,-1,-1,-1,-1,-1,-1,-1,-1,-1,-1,-1,-1,-1,-1,-1,-1,-1,-1,-1,-1,-1,-1,-1,-1,-1,-1,-1,-1,-1,-1,-1,-1,-1,-1,-1,-1,-1,-1,-1,-1,-1,-1,-1,-1,-1,-1,-1,-1,-1,-1,-1,-1,-1,-1,-1,-1,-1,-1,-1,-1,-1,-1,-1,-1,-1,-1,-1,-1,-1,-1,-1,-1,-1,-1,-1,-1,-1,-1,-1,-1,-1,-1,-1,-1,1
1561486507,,-1,-1,-1,-1,-1,-1,-1,-1,-1,-1,-1,-1,-1,-1,-1,-1,-1,-1,-1,-1,-1,-1,176,664,88,680,0,0,-1,-1,-1,-1,-1,-1,-1,-1,-1,-1,-1,-1,-1,-1,-1,-1,-1,-1,240,416,448,1320,320,320,-1,-1,-1,-1,-1,-1,-1,-1,-1,-1,1,1,1,1,1,1,-1,-1,-1,-1,-1,-1,-1,-1,-1,-1,-1,,Cisco IOS Software- vios_l2 Software (vios_l2-ADVENTERPRISEK9-M)- Version 15.2(4.0.55)E- TEST ENGINEERING ESTG_WEEKLY BUILD- synced to  END_OF_FLO_ISP  Technical Support: http://www.cisco.com/techsupport  Copyright (c) 1986-2015 by Cisco Systems- Inc.  Co,,vIOS-Core-II.companyXYZ.sk,iso.3.6.1.4.1.9.1,10548,-1
1561486647,,-1,-1,-1,-1,-1,-1,-1,-1,-1,-1,-1,-1,-1,-1,-1,-1,-1,-1,-1,-1,-1,-1,-1,-1,-1,-1,-1,-1,-1,-1,-1,-1,-1,-1,-1,-1,-1,-1,-1,-1,-1,-1,-1,-1,-1,-1,-1,-1,-1,-1,-1,-1,-1,-1,-1,-1,-1,-1,-1,-1,-1,-1,-1,-1,-1,-1,-1,-1,-1,-1,-1,-1,-1,-1,-1,-1,-1,-1,-1,-1,-1,-1,-1,-1,-1,1
1561486687,,-1,-1,-1,-1,-1,-1,-1,-1,-1,-1,-1,-1,-1,-1,-1,-1,-1,-1,-1,-1,-1,-1,168,3584,88,87616,0,0,-1,-1,-1,-1,-1,-1,-1,-1,-1,-1,-1,-1,-1,-1,-1,-1,-1,-1,216,296,87584,3984,312,312,-1,-1,-1,-1,-1,-1,-1,-1,-1,-1,1,1,1,1,1,1,-1,-1,-1,-1,-1,-1,-1,-1,-1,-1,-1,,Cisco IOS Software- vios_l2 Software (vios_l2-ADVENTERPRISEK9-M)- Version 15.2(4.0.55)E- TEST ENGINEERING ESTG_WEEKLY BUILD- synced to  END_OF_FLO_ISP  Technical Support: http://www.cisco.com/techsupport  Copyright (c) 1986-2015 by Cisco Systems- Inc.  Co,,vIOS-Core-II.companyXYZ.sk,iso.3.6.1.4.1.9.1,10716,-1
1561486827,,-1,-1,-1,-1,-1,-1,-1,-1,-1,-1,-1,-1,-1,-1,-1,-1,-1,-1,-1,-1,-1,-1,-1,-1,-1,-1,-1,-1,-1,-1,-1,-1,-1,-1,-1,-1,-1,-1,-1,-1,-1,-1,-1,-1,-1,-1,-1,-1,-1,-1,-1,-1,-1,-1,-1,-1,-1,-1,-1,-1,-1,-1,-1,-1,-1,-1,-1,-1,-1,-1,-1,-1,-1,-1,-1,-1,-1,-1,-1,-1,-1,-1,-1,-1,-1,1
1561486867,,-1,-1,-1,-1,-1,-1,-1,-1,-1,-1,-1,-1,-1,-1,-1,-1,-1,-1,-1,-1,-1,-1,160,768,72,776,0,0,-1,-1,-1,-1,-1,-1,-1,-1,-1,-1,-1,-1,-1,-1,-1,-1,-1,-1,208,296,704,1224,344,328,-1,-1,-1,-1,-1,-1,-1,-1,-1,-1,1,1,1,1,1,1,-1,-1,-1,-1,-1,-1,-1,-1,-1,-1,-1,,Cisco IOS Software- vios_l2 Software (vios_l2-ADVENTERPRISEK9-M)- Version 15.2(4.0.55)E- TEST ENGINEERING ESTG_WEEKLY BUILD- synced to  END_OF_FLO_ISP  Technical Support: http://www.cisco.com/techsupport  Copyright (c) 1986-2015 by Cisco Systems- Inc.  Co,,vIOS-Core-II.companyXYZ.sk,iso.3.6.1.4.1.9.1,10888,-1
1561487007,,-1,-1,-1,-1,-1,-1,-1,-1,-1,-1,-1,-1,-1,-1,-1,-1,-1,-1,-1,-1,-1,-1,-1,-1,-1,-1,-1,-1,-1,-1,-1,-1,-1,-1,-1,-1,-1,-1,-1,-1,-1,-1,-1,-1,-1,-1,-1,-1,-1,-1,-1,-1,-1,-1,-1,-1,-1,-1,-1,-1,-1,-1,-1,-1,-1,-1,-1,-1,-1,-1,-1,-1,-1,-1,-1,-1,-1,-1,-1,-1,-1,-1,-1,-1,-1,1
1561487047,,-1,-1,-1,-1,-1,-1,-1,-1,-1,-1,-1,-1,-1,-1,-1,-1,-1,-1,-1,-1,-1,-1,200,648,104,592,0,0,-1,-1,-1,-1,-1,-1,-1,-1,-1,-1,-1,-1,-1,-1,-1,-1,-1,-1,224,448,360,1232,320,320,-1,-1,-1,-1,-1,-1,-1,-1,-1,-1,1,1,1,1,1,1,-1,-1,-1,-1,-1,-1,-1,-1,-1,-1,-1,,Cisco IOS Software- vios_l2 Software (vios_l2-ADVENTERPRISEK9-M)- Version 15.2(4.0.55)E- TEST ENGINEERING ESTG_WEEKLY BUILD- synced to  END_OF_FLO_ISP  Technical Support: http://www.cisco.com/techsupport  Copyright (c) 1986-2015 by Cisco Systems- Inc.  Co,,vIOS-Core-II.companyXYZ.sk,iso.3.6.1.4.1.9.1,11060,-1
1561487187,,-1,-1,-1,-1,-1,-1,-1,-1,-1,-1,-1,-1,-1,-1,-1,-1,-1,-1,-1,-1,-1,-1,-1,-1,-1,-1,-1,-1,-1,-1,-1,-1,-1,-1,-1,-1,-1,-1,-1,-1,-1,-1,-1,-1,-1,-1,-1,-1,-1,-1,-1,-1,-1,-1,-1,-1,-1,-1,-1,-1,-1,-1,-1,-1,-1,-1,-1,-1,-1,-1,-1,-1,-1,-1,-1,-1,-1,-1,-1,-1,-1,-1,-1,-1,-1,1
1561487227,,-1,-1,-1,-1,-1,-1,-1,-1,-1,-1,-1,-1,-1,-1,-1,-1,-1,-1,-1,-1,-1,-1,168,736,80,1392,0,0,-1,-1,-1,-1,-1,-1,-1,-1,-1,-1,-1,-1,-1,-1,-1,-1,-1,-1,216,304,1384,1096,320,344,-1,-1,-1,-1,-1,-1,-1,-1,-1,-1,1,1,1,1,1,1,-1,-1,-1,-1,-1,-1,-1,-1,-1,-1,-1,,Cisco IOS Software- vios_l2 Software (vios_l2-ADVENTERPRISEK9-M)- Version 15.2(4.0.55)E- TEST ENGINEERING ESTG_WEEKLY BUILD- synced to  END_OF_FLO_ISP  Technical Support: http://www.cisco.com/techsupport  Copyright (c) 1986-2015 by Cisco Systems- Inc.  Co,,vIOS-Core-II.companyXYZ.sk,iso.3.6.1.4.1.9.1,11233,-1
1561487367,,-1,-1,-1,-1,-1,-1,-1,-1,-1,-1,-1,-1,-1,-1,-1,-1,-1,-1,-1,-1,-1,-1,-1,-1,-1,-1,-1,-1,-1,-1,-1,-1,-1,-1,-1,-1,-1,-1,-1,-1,-1,-1,-1,-1,-1,-1,-1,-1,-1,-1,-1,-1,-1,-1,-1,-1,-1,-1,-1,-1,-1,-1,-1,-1,-1,-1,-1,-1,-1,-1,-1,-1,-1,-1,-1,-1,-1,-1,-1,-1,-1,-1,-1,-1,-1,1
1561487407,,-1,-1,-1,-1,-1,-1,-1,-1,-1,-1,-1,-1,-1,-1,-1,-1,-1,-1,-1,-1,-1,-1,160,856,80,1640,0,0,-1,-1,-1,-1,-1,-1,-1,-1,-1,-1,-1,-1,-1,-1,-1,-1,-1,-1,208,1384,424,1440,320,320,-1,-1,-1,-1,-1,-1,-1,-1,-1,-1,1,1,1,1,1,1,-1,-1,-1,-1,-1,-1,-1,-1,-1,-1,-1,,Cisco IOS Software- vios_l2 Software (vios_l2-ADVENTERPRISEK9-M)- Version 15.2(4.0.55)E- TEST ENGINEERING ESTG_WEEKLY BUILD- synced to  END_OF_FLO_ISP  Technical Support: http://www.cisco.com/techsupport  Copyright (c) 1986-2015 by Cisco Systems- Inc.  Co,,vIOS-Core-II.companyXYZ.sk,iso.3.6.1.4.1.9.1,11403,-1
1561487547,,-1,-1,-1,-1,-1,-1,-1,-1,-1,-1,-1,-1,-1,-1,-1,-1,-1,-1,-1,-1,-1,-1,-1,-1,-1,-1,-1,-1,-1,-1,-1,-1,-1,-1,-1,-1,-1,-1,-1,-1,-1,-1,-1,-1,-1,-1,-1,-1,-1,-1,-1,-1,-1,-1,-1,-1,-1,-1,-1,-1,-1,-1,-1,-1,-1,-1,-1,-1,-1,-1,-1,-1,-1,-1,-1,-1,-1,-1,-1,-1,-1,-1,-1,-1,-1,1
1561487587,,-1,-1,-1,-1,-1,-1,-1,-1,-1,-1,-1,-1,-1,-1,-1,-1,-1,-1,-1,-1,-1,-1,168,752,80,544,0,0,-1,-1,-1,-1,-1,-1,-1,-1,-1,-1,-1,-1,-1,-1,-1,-1,-1,-1,208,408,432,1160,328,328,-1,-1,-1,-1,-1,-1,-1,-1,-1,-1,1,1,1,1,1,1,-1,-1,-1,-1,-1,-1,-1,-1,-1,-1,-1,,Cisco IOS Software- vios_l2 Software (vios_l2-ADVENTERPRISEK9-M)- Version 15.2(4.0.55)E- TEST ENGINEERING ESTG_WEEKLY BUILD- synced to  END_OF_FLO_ISP  Technical Support: http://www.cisco.com/techsupport  Copyright (c) 1986-2015 by Cisco Systems- Inc.  Co,,vIOS-Core-II.companyXYZ.sk,iso.3.6.1.4.1.9.1,11576,-1
1561487727,,-1,-1,-1,-1,-1,-1,-1,-1,-1,-1,-1,-1,-1,-1,-1,-1,-1,-1,-1,-1,-1,-1,-1,-1,-1,-1,-1,-1,-1,-1,-1,-1,-1,-1,-1,-1,-1,-1,-1,-1,-1,-1,-1,-1,-1,-1,-1,-1,-1,-1,-1,-1,-1,-1,-1,-1,-1,-1,-1,-1,-1,-1,-1,-1,-1,-1,-1,-1,-1,-1,-1,-1,-1,-1,-1,-1,-1,-1,-1,-1,-1,-1,-1,-1,-1,1
1561487767,,-1,-1,-1,-1,-1,-1,-1,-1,-1,-1,-1,-1,-1,-1,-1,-1,-1,-1,-1,-1,-1,-1,184,928,72,632,0,0,-1,-1,-1,-1,-1,-1,-1,-1,-1,-1,-1,-1,-1,-1,-1,-1,-1,-1,224,448,416,1288,320,320,-1,-1,-1,-1,-1,-1,-1,-1,-1,-1,1,1,1,1,1,1,-1,-1,-1,-1,-1,-1,-1,-1,-1,-1,-1,,Cisco IOS Software- vios_l2 Software (vios_l2-ADVENTERPRISEK9-M)- Version 15.2(4.0.55)E- TEST ENGINEERING ESTG_WEEKLY BUILD- synced to  END_OF_FLO_ISP  Technical Support: http://www.cisco.com/techsupport  Copyright (c) 1986-2015 by Cisco Systems- Inc.  Co,,vIOS-Core-II.companyXYZ.sk,iso.3.6.1.4.1.9.1,11748,-1
1561487907,,-1,-1,-1,-1,-1,-1,-1,-1,-1,-1,-1,-1,-1,-1,-1,-1,-1,-1,-1,-1,-1,-1,-1,-1,-1,-1,-1,-1,-1,-1,-1,-1,-1,-1,-1,-1,-1,-1,-1,-1,-1,-1,-1,-1,-1,-1,-1,-1,-1,-1,-1,-1,-1,-1,-1,-1,-1,-1,-1,-1,-1,-1,-1,-1,-1,-1,-1,-1,-1,-1,-1,-1,-1,-1,-1,-1,-1,-1,-1,-1,-1,-1,-1,-1,-1,1
1561487947,,-1,-1,-1,-1,-1,-1,-1,-1,-1,-1,-1,-1,-1,-1,-1,-1,-1,-1,-1,-1,-1,-1,160,904,72,528,0,0,-1,-1,-1,-1,-1,-1,-1,-1,-1,-1,-1,-1,-1,-1,-1,-1,-1,-1,208,304,448,1384,336,312,-1,-1,-1,-1,-1,-1,-1,-1,-1,-1,1,1,1,1,1,1,-1,-1,-1,-1,-1,-1,-1,-1,-1,-1,-1,,Cisco IOS Software- vios_l2 Software (vios_l2-ADVENTERPRISEK9-M)- Version 15.2(4.0.55)E- TEST ENGINEERING ESTG_WEEKLY BUILD- synced to  END_OF_FLO_ISP  Technical Support: http://www.cisco.com/techsupport  Copyright (c) 1986-2015 by Cisco Systems- Inc.  Co,,vIOS-Core-II.companyXYZ.sk,iso.3.6.1.4.1.9.1,11920,-1
1561488087,,-1,-1,-1,-1,-1,-1,-1,-1,-1,-1,-1,-1,-1,-1,-1,-1,-1,-1,-1,-1,-1,-1,-1,-1,-1,-1,-1,-1,-1,-1,-1,-1,-1,-1,-1,-1,-1,-1,-1,-1,-1,-1,-1,-1,-1,-1,-1,-1,-1,-1,-1,-1,-1,-1,-1,-1,-1,-1,-1,-1,-1,-1,-1,-1,-1,-1,-1,-1,-1,-1,-1,-1,-1,-1,-1,-1,-1,-1,-1,-1,-1,-1,-1,-1,-1,1
1561488127,,-1,-1,-1,-1,-1,-1,-1,-1,-1,-1,-1,-1,-1,-1,-1,-1,-1,-1,-1,-1,-1,-1,160,720,80,608,0,0,-1,-1,-1,-1,-1,-1,-1,-1,-1,-1,-1,-1,-1,-1,-1,-1,-1,-1,208,408,416,1360,328,352,-1,-1,-1,-1,-1,-1,-1,-1,-1,-1,1,1,1,1,1,1,-1,-1,-1,-1,-1,-1,-1,-1,-1,-1,-1,,Cisco IOS Software- vios_l2 Software (vios_l2-ADVENTERPRISEK9-M)- Version 15.2(4.0.55)E- TEST ENGINEERING ESTG_WEEKLY BUILD- synced to  END_OF_FLO_ISP  Technical Support: http://www.cisco.com/techsupport  Copyright (c) 1986-2015 by Cisco Systems- Inc.  Co,,vIOS-Core-II.companyXYZ.sk,iso.3.6.1.4.1.9.1,12092,-1
1561488267,,-1,-1,-1,-1,-1,-1,-1,-1,-1,-1,-1,-1,-1,-1,-1,-1,-1,-1,-1,-1,-1,-1,-1,-1,-1,-1,-1,-1,-1,-1,-1,-1,-1,-1,-1,-1,-1,-1,-1,-1,-1,-1,-1,-1,-1,-1,-1,-1,-1,-1,-1,-1,-1,-1,-1,-1,-1,-1,-1,-1,-1,-1,-1,-1,-1,-1,-1,-1,-1,-1,-1,-1,-1,-1,-1,-1,-1,-1,-1,-1,-1,-1,-1,-1,-1,1
1561488307,,-1,-1,-1,-1,-1,-1,-1,-1,-1,-1,-1,-1,-1,-1,-1,-1,-1,-1,-1,-1,-1,-1,200,1064,96,432,0,0,-1,-1,-1,-1,-1,-1,-1,-1,-1,-1,-1,-1,-1,-1,-1,-1,-1,-1,232,320,376,1624,320,320,-1,-1,-1,-1,-1,-1,-1,-1,-1,-1,1,1,1,1,1,1,-1,-1,-1,-1,-1,-1,-1,-1,-1,-1,-1,,Cisco IOS Software- vios_l2 Software (vios_l2-ADVENTERPRISEK9-M)- Version 15.2(4.0.55)E- TEST ENGINEERING ESTG_WEEKLY BUILD- synced to  END_OF_FLO_ISP  Technical Support: http://www.cisco.com/techsupport  Copyright (c) 1986-2015 by Cisco Systems- Inc.  Co,,vIOS-Core-II.companyXYZ.sk,iso.3.6.1.4.1.9.1,12265,-1
1561488447,,-1,-1,-1,-1,-1,-1,-1,-1,-1,-1,-1,-1,-1,-1,-1,-1,-1,-1,-1,-1,-1,-1,-1,-1,-1,-1,-1,-1,-1,-1,-1,-1,-1,-1,-1,-1,-1,-1,-1,-1,-1,-1,-1,-1,-1,-1,-1,-1,-1,-1,-1,-1,-1,-1,-1,-1,-1,-1,-1,-1,-1,-1,-1,-1,-1,-1,-1,-1,-1,-1,-1,-1,-1,-1,-1,-1,-1,-1,-1,-1,-1,-1,-1,-1,-1,1
1561488488,,-1,-1,-1,-1,-1,-1,-1,-1,-1,-1,-1,-1,-1,-1,-1,-1,-1,-1,-1,-1,-1,-1,168,1104,88,384,0,0,-1,-1,-1,-1,-1,-1,-1,-1,-1,-1,-1,-1,-1,-1,-1,-1,-1,-1,216,336,288,1592,328,328,-1,-1,-1,-1,-1,-1,-1,-1,-1,-1,1,1,1,1,1,1,-1,-1,-1,-1,-1,-1,-1,-1,-1,-1,-1,,Cisco IOS Software- vios_l2 Software (vios_l2-ADVENTERPRISEK9-M)- Version 15.2(4.0.55)E- TEST ENGINEERING ESTG_WEEKLY BUILD- synced to  END_OF_FLO_ISP  Technical Support: http://www.cisco.com/techsupport  Copyright (c) 1986-2015 by Cisco Systems- Inc.  Co,,vIOS-Core-II.companyXYZ.sk,iso.3.6.1.4.1.9.1,12440,-1
1561488627,,-1,-1,-1,-1,-1,-1,-1,-1,-1,-1,-1,-1,-1,-1,-1,-1,-1,-1,-1,-1,-1,-1,-1,-1,-1,-1,-1,-1,-1,-1,-1,-1,-1,-1,-1,-1,-1,-1,-1,-1,-1,-1,-1,-1,-1,-1,-1,-1,-1,-1,-1,-1,-1,-1,-1,-1,-1,-1,-1,-1,-1,-1,-1,-1,-1,-1,-1,-1,-1,-1,-1,-1,-1,-1,-1,-1,-1,-1,-1,-1,-1,-1,-1,-1,-1,1
1561488667,,-1,-1,-1,-1,-1,-1,-1,-1,-1,-1,-1,-1,-1,-1,-1,-1,-1,-1,-1,-1,-1,-1,168,760,72,528,0,0,-1,-1,-1,-1,-1,-1,-1,-1,-1,-1,-1,-1,-1,-1,-1,-1,-1,-1,232,416,344,1144,328,328,-1,-1,-1,-1,-1,-1,-1,-1,-1,-1,1,1,1,1,1,1,-1,-1,-1,-1,-1,-1,-1,-1,-1,-1,-1,,Cisco IOS Software- vios_l2 Software (vios_l2-ADVENTERPRISEK9-M)- Version 15.2(4.0.55)E- TEST ENGINEERING ESTG_WEEKLY BUILD- synced to  END_OF_FLO_ISP  Technical Support: http://www.cisco.com/techsupport  Copyright (c) 1986-2015 by Cisco Systems- Inc.  Co,,vIOS-Core-II.companyXYZ.sk,iso.3.6.1.4.1.9.1,12614,-1
1561488807,,-1,-1,-1,-1,-1,-1,-1,-1,-1,-1,-1,-1,-1,-1,-1,-1,-1,-1,-1,-1,-1,-1,-1,-1,-1,-1,-1,-1,-1,-1,-1,-1,-1,-1,-1,-1,-1,-1,-1,-1,-1,-1,-1,-1,-1,-1,-1,-1,-1,-1,-1,-1,-1,-1,-1,-1,-1,-1,-1,-1,-1,-1,-1,-1,-1,-1,-1,-1,-1,-1,-1,-1,-1,-1,-1,-1,-1,-1,-1,-1,-1,-1,-1,-1,-1,1
1561488847,,-1,-1,-1,-1,-1,-1,-1,-1,-1,-1,-1,-1,-1,-1,-1,-1,-1,-1,-1,-1,-1,-1,168,592,80,360,0,0,-1,-1,-1,-1,-1,-1,-1,-1,-1,-1,-1,-1,-1,-1,-1,-1,-1,-1,216,288,296,1072,328,328,-1,-1,-1,-1,-1,-1,-1,-1,-1,-1,1,1,1,1,1,1,-1,-1,-1,-1,-1,-1,-1,-1,-1,-1,-1,,Cisco IOS Software- vios_l2 Software (vios_l2-ADVENTERPRISEK9-M)- Version 15.2(4.0.55)E- TEST ENGINEERING ESTG_WEEKLY BUILD- synced to  END_OF_FLO_ISP  Technical Support: http://www.cisco.com/techsupport  Copyright (c) 1986-2015 by Cisco Systems- Inc.  Co,,vIOS-Core-II.companyXYZ.sk,iso.3.6.1.4.1.9.1,12790,-1
1561488987,,-1,-1,-1,-1,-1,-1,-1,-1,-1,-1,-1,-1,-1,-1,-1,-1,-1,-1,-1,-1,-1,-1,-1,-1,-1,-1,-1,-1,-1,-1,-1,-1,-1,-1,-1,-1,-1,-1,-1,-1,-1,-1,-1,-1,-1,-1,-1,-1,-1,-1,-1,-1,-1,-1,-1,-1,-1,-1,-1,-1,-1,-1,-1,-1,-1,-1,-1,-1,-1,-1,-1,-1,-1,-1,-1,-1,-1,-1,-1,-1,-1,-1,-1,-1,-1,1
1561489027,,-1,-1,-1,-1,-1,-1,-1,-1,-1,-1,-1,-1,-1,-1,-1,-1,-1,-1,-1,-1,-1,-1,184,912,72,392,0,0,-1,-1,-1,-1,-1,-1,-1,-1,-1,-1,-1,-1,-1,-1,-1,-1,-1,-1,208,320,296,1376,360,352,-1,-1,-1,-1,-1,-1,-1,-1,-1,-1,1,1,1,1,1,1,-1,-1,-1,-1,-1,-1,-1,-1,-1,-1,-1,,Cisco IOS Software- vios_l2 Software (vios_l2-ADVENTERPRISEK9-M)- Version 15.2(4.0.55)E- TEST ENGINEERING ESTG_WEEKLY BUILD- synced to  END_OF_FLO_ISP  Technical Support: http://www.cisco.com/techsupport  Copyright (c) 1986-2015 by Cisco Systems- Inc.  Co,,vIOS-Core-II.companyXYZ.sk,iso.3.6.1.4.1.9.1,12966,-1
1561489167,,-1,-1,-1,-1,-1,-1,-1,-1,-1,-1,-1,-1,-1,-1,-1,-1,-1,-1,-1,-1,-1,-1,-1,-1,-1,-1,-1,-1,-1,-1,-1,-1,-1,-1,-1,-1,-1,-1,-1,-1,-1,-1,-1,-1,-1,-1,-1,-1,-1,-1,-1,-1,-1,-1,-1,-1,-1,-1,-1,-1,-1,-1,-1,-1,-1,-1,-1,-1,-1,-1,-1,-1,-1,-1,-1,-1,-1,-1,-1,-1,-1,-1,-1,-1,-1,1
1561489207,,-1,-1,-1,-1,-1,-1,-1,-1,-1,-1,-1,-1,-1,-1,-1,-1,-1,-1,-1,-1,-1,-1,192,1568,112,560,0,0,-1,-1,-1,-1,-1,-1,-1,-1,-1,-1,-1,-1,-1,-1,-1,-1,-1,-1,272,440,352,2328,328,336,-1,-1,-1,-1,-1,-1,-1,-1,-1,-1,1,1,1,1,1,1,-1,-1,-1,-1,-1,-1,-1,-1,-1,-1,-1,,Cisco IOS Software- vios_l2 Software (vios_l2-ADVENTERPRISEK9-M)- Version 15.2(4.0.55)E- TEST ENGINEERING ESTG_WEEKLY BUILD- synced to  END_OF_FLO_ISP  Technical Support: http://www.cisco.com/techsupport  Copyright (c) 1986-2015 by Cisco Systems- Inc.  Co,,vIOS-Core-II.companyXYZ.sk,iso.3.6.1.4.1.9.1,13141,-1
1561489347,,-1,-1,-1,-1,-1,-1,-1,-1,-1,-1,-1,-1,-1,-1,-1,-1,-1,-1,-1,-1,-1,-1,-1,-1,-1,-1,-1,-1,-1,-1,-1,-1,-1,-1,-1,-1,-1,-1,-1,-1,-1,-1,-1,-1,-1,-1,-1,-1,-1,-1,-1,-1,-1,-1,-1,-1,-1,-1,-1,-1,-1,-1,-1,-1,-1,-1,-1,-1,-1,-1,-1,-1,-1,-1,-1,-1,-1,-1,-1,-1,-1,-1,-1,-1,-1,1
1561489387,,-1,-1,-1,-1,-1,-1,-1,-1,-1,-1,-1,-1,-1,-1,-1,-1,-1,-1,-1,-1,-1,-1,168,1664,80,440,0,0,-1,-1,-1,-1,-1,-1,-1,-1,-1,-1,-1,-1,-1,-1,-1,-1,-1,-1,208,336,360,2424,328,328,-1,-1,-1,-1,-1,-1,-1,-1,-1,-1,1,1,1,1,1,1,-1,-1,-1,-1,-1,-1,-1,-1,-1,-1,-1,,Cisco IOS Software- vios_l2 Software (vios_l2-ADVENTERPRISEK9-M)- Version 15.2(4.0.55)E- TEST ENGINEERING ESTG_WEEKLY BUILD- synced to  END_OF_FLO_ISP  Technical Support: http://www.cisco.com/techsupport  Copyright (c) 1986-2015 by Cisco Systems- Inc.  Co,,vIOS-Core-II.companyXYZ.sk,iso.3.6.1.4.1.9.1,13316,-1
1561489527,,-1,-1,-1,-1,-1,-1,-1,-1,-1,-1,-1,-1,-1,-1,-1,-1,-1,-1,-1,-1,-1,-1,-1,-1,-1,-1,-1,-1,-1,-1,-1,-1,-1,-1,-1,-1,-1,-1,-1,-1,-1,-1,-1,-1,-1,-1,-1,-1,-1,-1,-1,-1,-1,-1,-1,-1,-1,-1,-1,-1,-1,-1,-1,-1,-1,-1,-1,-1,-1,-1,-1,-1,-1,-1,-1,-1,-1,-1,-1,-1,-1,-1,-1,-1,-1,1
1561489567,,-1,-1,-1,-1,-1,-1,-1,-1,-1,-1,-1,-1,-1,-1,-1,-1,-1,-1,-1,-1,-1,-1,176,1088,72,904,0,0,-1,-1,-1,-1,-1,-1,-1,-1,-1,-1,-1,-1,-1,-1,-1,-1,-1,-1,208,712,416,1616,328,328,-1,-1,-1,-1,-1,-1,-1,-1,-1,-1,1,1,1,1,1,1,-1,-1,-1,-1,-1,-1,-1,-1,-1,-1,-1,,Cisco IOS Software- vios_l2 Software (vios_l2-ADVENTERPRISEK9-M)- Version 15.2(4.0.55)E- TEST ENGINEERING ESTG_WEEKLY BUILD- synced to  END_OF_FLO_ISP  Technical Support: http://www.cisco.com/techsupport  Copyright (c) 1986-2015 by Cisco Systems- Inc.  Co,,vIOS-Core-II.companyXYZ.sk,iso.3.6.1.4.1.9.1,13492,-1
1561489707,,-1,-1,-1,-1,-1,-1,-1,-1,-1,-1,-1,-1,-1,-1,-1,-1,-1,-1,-1,-1,-1,-1,-1,-1,-1,-1,-1,-1,-1,-1,-1,-1,-1,-1,-1,-1,-1,-1,-1,-1,-1,-1,-1,-1,-1,-1,-1,-1,-1,-1,-1,-1,-1,-1,-1,-1,-1,-1,-1,-1,-1,-1,-1,-1,-1,-1,-1,-1,-1,-1,-1,-1,-1,-1,-1,-1,-1,-1,-1,-1,-1,-1,-1,-1,-1,1
1561489747,,-1,-1,-1,-1,-1,-1,-1,-1,-1,-1,-1,-1,-1,-1,-1,-1,-1,-1,-1,-1,-1,-1,168,808,80,464,0,0,-1,-1,-1,-1,-1,-1,-1,-1,-1,-1,-1,-1,-1,-1,-1,-1,-1,-1,208,400,320,1304,328,328,-1,-1,-1,-1,-1,-1,-1,-1,-1,-1,1,1,1,1,1,1,-1,-1,-1,-1,-1,-1,-1,-1,-1,-1,-1,,Cisco IOS Software- vios_l2 Software (vios_l2-ADVENTERPRISEK9-M)- Version 15.2(4.0.55)E- TEST ENGINEERING ESTG_WEEKLY BUILD- synced to  END_OF_FLO_ISP  Technical Support: http://www.cisco.com/techsupport  Copyright (c) 1986-2015 by Cisco Systems- Inc.  Co,,vIOS-Core-II.companyXYZ.sk,iso.3.6.1.4.1.9.1,13666,-1
1561489887,,-1,-1,-1,-1,-1,-1,-1,-1,-1,-1,-1,-1,-1,-1,-1,-1,-1,-1,-1,-1,-1,-1,-1,-1,-1,-1,-1,-1,-1,-1,-1,-1,-1,-1,-1,-1,-1,-1,-1,-1,-1,-1,-1,-1,-1,-1,-1,-1,-1,-1,-1,-1,-1,-1,-1,-1,-1,-1,-1,-1,-1,-1,-1,-1,-1,-1,-1,-1,-1,-1,-1,-1,-1,-1,-1,-1,-1,-1,-1,-1,-1,-1,-1,-1,-1,1
1561489927,,-1,-1,-1,-1,-1,-1,-1,-1,-1,-1,-1,-1,-1,-1,-1,-1,-1,-1,-1,-1,-1,-1,160,608,72,448,0,0,-1,-1,-1,-1,-1,-1,-1,-1,-1,-1,-1,-1,-1,-1,-1,-1,-1,-1,232,312,312,1136,320,320,-1,-1,-1,-1,-1,-1,-1,-1,-1,-1,1,1,1,1,1,1,-1,-1,-1,-1,-1,-1,-1,-1,-1,-1,-1,,Cisco IOS Software- vios_l2 Software (vios_l2-ADVENTERPRISEK9-M)- Version 15.2(4.0.55)E- TEST ENGINEERING ESTG_WEEKLY BUILD- synced to  END_OF_FLO_ISP  Technical Support: http://www.cisco.com/techsupport  Copyright (c) 1986-2015 by Cisco Systems- Inc.  Co,,vIOS-Core-II.companyXYZ.sk,iso.3.6.1.4.1.9.1,13842,-1
1561490067,,-1,-1,-1,-1,-1,-1,-1,-1,-1,-1,-1,-1,-1,-1,-1,-1,-1,-1,-1,-1,-1,-1,-1,-1,-1,-1,-1,-1,-1,-1,-1,-1,-1,-1,-1,-1,-1,-1,-1,-1,-1,-1,-1,-1,-1,-1,-1,-1,-1,-1,-1,-1,-1,-1,-1,-1,-1,-1,-1,-1,-1,-1,-1,-1,-1,-1,-1,-1,-1,-1,-1,-1,-1,-1,-1,-1,-1,-1,-1,-1,-1,-1,-1,-1,-1,1
1561490107,,-1,-1,-1,-1,-1,-1,-1,-1,-1,-1,-1,-1,-1,-1,-1,-1,-1,-1,-1,-1,-1,-1,184,1040,80,360,0,0,-1,-1,-1,-1,-1,-1,-1,-1,-1,-1,-1,-1,-1,-1,-1,-1,-1,-1,208,336,320,1416,344,352,-1,-1,-1,-1,-1,-1,-1,-1,-1,-1,1,1,1,1,1,1,-1,-1,-1,-1,-1,-1,-1,-1,-1,-1,-1,,Cisco IOS Software- vios_l2 Software (vios_l2-ADVENTERPRISEK9-M)- Version 15.2(4.0.55)E- TEST ENGINEERING ESTG_WEEKLY BUILD- synced to  END_OF_FLO_ISP  Technical Support: http://www.cisco.com/techsupport  Copyright (c) 1986-2015 by Cisco Systems- Inc.  Co,,vIOS-Core-II.companyXYZ.sk,iso.3.6.1.4.1.9.1,14016,-1
1561490247,,-1,-1,-1,-1,-1,-1,-1,-1,-1,-1,-1,-1,-1,-1,-1,-1,-1,-1,-1,-1,-1,-1,-1,-1,-1,-1,-1,-1,-1,-1,-1,-1,-1,-1,-1,-1,-1,-1,-1,-1,-1,-1,-1,-1,-1,-1,-1,-1,-1,-1,-1,-1,-1,-1,-1,-1,-1,-1,-1,-1,-1,-1,-1,-1,-1,-1,-1,-1,-1,-1,-1,-1,-1,-1,-1,-1,-1,-1,-1,-1,-1,-1,-1,-1,-1,1
1561490287,,-1,-1,-1,-1,-1,-1,-1,-1,-1,-1,-1,-1,-1,-1,-1,-1,-1,-1,-1,-1,-1,-1,184,696,96,432,0,0,-1,-1,-1,-1,-1,-1,-1,-1,-1,-1,-1,-1,-1,-1,-1,-1,-1,-1,232,336,328,1128,328,328,-1,-1,-1,-1,-1,-1,-1,-1,-1,-1,1,1,1,1,1,1,-1,-1,-1,-1,-1,-1,-1,-1,-1,-1,-1,,Cisco IOS Software- vios_l2 Software (vios_l2-ADVENTERPRISEK9-M)- Version 15.2(4.0.55)E- TEST ENGINEERING ESTG_WEEKLY BUILD- synced to  END_OF_FLO_ISP  Technical Support: http://www.cisco.com/techsupport  Copyright (c) 1986-2015 by Cisco Systems- Inc.  Co,,vIOS-Core-II.companyXYZ.sk,iso.3.6.1.4.1.9.1,14192,-1
1561490427,,-1,-1,-1,-1,-1,-1,-1,-1,-1,-1,-1,-1,-1,-1,-1,-1,-1,-1,-1,-1,-1,-1,-1,-1,-1,-1,-1,-1,-1,-1,-1,-1,-1,-1,-1,-1,-1,-1,-1,-1,-1,-1,-1,-1,-1,-1,-1,-1,-1,-1,-1,-1,-1,-1,-1,-1,-1,-1,-1,-1,-1,-1,-1,-1,-1,-1,-1,-1,-1,-1,-1,-1,-1,-1,-1,-1,-1,-1,-1,-1,-1,-1,-1,-1,-1,1
1561490467,,-1,-1,-1,-1,-1,-1,-1,-1,-1,-1,-1,-1,-1,-1,-1,-1,-1,-1,-1,-1,-1,-1,168,800,80,440,0,0,-1,-1,-1,-1,-1,-1,-1,-1,-1,-1,-1,-1,-1,-1,-1,-1,-1,-1,232,384,312,1272,352,328,-1,-1,-1,-1,-1,-1,-1,-1,-1,-1,1,1,1,1,1,1,-1,-1,-1,-1,-1,-1,-1,-1,-1,-1,-1,,Cisco IOS Software- vios_l2 Software (vios_l2-ADVENTERPRISEK9-M)- Version 15.2(4.0.55)E- TEST ENGINEERING ESTG_WEEKLY BUILD- synced to  END_OF_FLO_ISP  Technical Support: http://www.cisco.com/techsupport  Copyright (c) 1986-2015 by Cisco Systems- Inc.  Co,,vIOS-Core-II.companyXYZ.sk,iso.3.6.1.4.1.9.1,14367,-1